ailab_flightkey,ailab_alpharoute,ailab_flightid,ailab_arrivaldateutc,ailab_departuredateutc,ailab_equipmentid,ailab_flightnumber,ailab_tailnumber,ailab_aircraftnum,ailab_capacity,ailab_lid,ailab_seatssold,ailab_seasoncodeid,ailab_carriercode,ailab_sbcount,ailab_depairportcodeid,ailab_arrairportcodeid,ailab_localdepdt,ailab_localarrdttm,ailab_sbsold,ailab_departuredate,ailab_arrivaldate,ailab_localdeparturegmtoffset,ailab_localarrivalgmtoffset,ailab_sector,ailab_departureiata,ailab_arrivaliata,ailab_flightdatefy,ailab_ticketrevenuegbpbudgetnet,ailab_soldoutdaystogo,ailab_soldoutdateutc,ailab_datefirstflight,ailab_boardedpax,ailab_checkedinpax,ailab__recordid,ailab__insertdttm,ailab__updatedt—Çm,ailab__hashkey
29f8a9a9-4bc7-4f84-9c39-f1f1bee51bc3,RTE340,1,2025-01-21 22:00:00,2025-01-21 21:00:00,1170,AI104,TN2370,49,214,478,156,8,AI,7,1,243,2025-01-21 21:00:00,2025-01-21 22:00:00,23,2025-01-21,2025-01-21,0,0,S5,DEL,BOM,FY25,1915.3034083108,18,2025-01-03 21:00:00,2025-04-25,179,202,943bf582-4f02-4123-9b1a-2eb3a407967d,2025-12-05 04:47:12.956760,2025-12-05 04:47:12.956761,ed89b3a7-4ba1-40ca-9a21-d5d04e130603
0df2bcdb-d07c-4f80-836f-10839a14c038,RTE546,2,2025-03-23 16:00:00,2025-03-23 07:00:00,1851,AI122,TN5246,18,153,603,97,5,AI,4,459,18,2025-03-23 10:00:00,2025-03-23 19:00:00,6,2025-03-23,2025-03-23,3,3,S17,DEL,BOM,FY25,3006.3314926779,7,2025-03-16 07:00:00,2025-04-07,188,234,d6cb2267-7e6d-4cfe-9af1-b4a792ac1038,2025-12-05 04:47:12.957333,2025-12-05 04:47:12.957336,92b323ce-10f3-486b-96a8-50e59d19c539
4e97ab59-7af8-4b26-bc89-610032f90609,RTE456,3,2025-01-25 06:00:00,2025-01-24 23:00:00,1482,AI986,TN8937,41,188,238,168,7,AI,42,378,337,2025-01-25 04:00:00,2025-01-25 11:00:00,1,2025-01-24,2025-01-25,5,5,S12,DEL,BOM,FY25,4823.7343869954,21,2025-01-03 23:00:00,2025-09-06,245,175,339ffbf5-c42a-4bfa-b9bd-b08f81e9b8cf,2025-12-05 04:47:12.958936,2025-12-05 04:47:12.958938,c19caee7-12ad-4f09-bed4-a5319e85438b
cc0f97cb-2594-44d4-95f9-00c2a0468da8,RTE419,4,2025-01-15 10:00:00,2025-01-15 06:00:00,1329,AI706,TN3487,4,248,248,239,1,AI,42,190,157,2025-01-15 08:00:00,2025-01-15 12:00:00,2,2025-01-15,2025-01-15,2,2,S7,DEL,BOM,FY25,3245.7152134967,11,2025-01-04 06:00:00,2025-02-12,249,211,b6eff1d1-9a43-426c-b4ad-4249e374df16,2025-12-05 04:47:12.959479,2025-12-05 04:47:12.959480,dd614b67-86bf-4fc9-83a3-ef21702e38ee
1474f7ae-989c-471e-b139-447be635c3d3,RTE532,5,2025-02-24 00:00:00,2025-02-23 21:00:00,1934,AI799,TN4418,12,243,695,75,5,AI,7,479,282,2025-02-24 02:00:00,2025-02-24 05:00:00,25,2025-02-23,2025-02-24,5,5,S6,DEL,BOM,FY25,1291.7935905268,12,2025-02-11 21:00:00,2025-04-17,90,163,63f22a93-b3f8-4318-8642-b80be32fbe40,2025-12-05 04:47:12.959649,2025-12-05 04:47:12.959650,3d75ffc6-2d5b-4edf-9978-b7672cc4acce
22ad5b42-7e23-4736-8d77-34593662318e,RTE623,6,2025-02-17 07:00:00,2025-02-16 23:00:00,1362,AI600,TN6512,37,190,300,94,8,AI,2,326,266,2025-02-17 03:00:00,2025-02-17 11:00:00,1,2025-02-16,2025-02-17,4,4,S1,DEL,BOM,FY25,1009.4189946388,9,2025-02-07 23:00:00,2025-09-14,234,141,dfca8c39-a2e6-4a33-acc4-190d182324df,2025-12-05 04:47:12.959813,2025-12-05 04:47:12.959814,dd566103-7a75-49fd-bab3-a5bcd1a0bd33
0fecc80f-cf9d-4d07-a148-0080caf39840,RTE640,7,2025-02-15 20:00:00,2025-02-15 17:00:00,1264,AI176,TN5549,36,181,401,119,8,AI,20,217,250,2025-02-15 19:00:00,2025-02-15 22:00:00,19,2025-02-15,2025-02-15,2,2,S10,DEL,BOM,FY25,4529.553222311,9,2025-02-06 17:00:00,2025-05-15,127,170,40ad42e7-ceaa-460f-8fbf-c5fff1024024,2025-12-05 04:47:12.959979,2025-12-05 04:47:12.959979,974f44a9-6dc3-4333-b2a2-b091968b676f
180a0bab-6ac0-4656-b905-9c1d8fd7b1f8,RTE411,8,2025-01-30 14:00:00,2025-01-30 11:00:00,1982,AI982,TN5349,42,296,900,246,1,AI,5,488,86,2025-01-30 15:00:00,2025-01-30 18:00:00,37,2025-01-30,2025-01-30,4,4,S13,DEL,BOM,FY25,3523.5431522863,13,2025-01-17 11:00:00,2025-02-28,134,150,e05e3583-0403-49d0-b661-4a7733a8302f,2025-12-05 04:47:12.960138,2025-12-05 04:47:12.960139,796206f0-7f19-4ec3-8cf7-d1ee0f60a1b5
29eff35a-2ca8-495f-8aee-c0861e15b421,RTE494,9,2025-01-18 04:00:00,2025-01-18 01:00:00,1339,AI961,TN6136,17,112,541,208,6,AI,7,422,453,2025-01-18 02:00:00,2025-01-18 05:00:00,25,2025-01-18,2025-01-18,1,1,S2,DEL,BOM,FY25,3809.4824735509,29,2024-12-20 01:00:00,2025-06-02,187,129,27f98e8c-ce59-4c7e-a64e-98aa90131bef,2025-12-05 04:47:12.960297,2025-12-05 04:47:12.960298,4b14ce8c-ca07-4578-b4b3-cf287e4806cb
37f8eaec-94ba-47fd-95a5-c2d3a78635de,RTE740,10,2025-02-20 11:00:00,2025-02-20 07:00:00,1559,AI985,TN8362,17,212,978,154,7,AI,26,347,388,2025-02-20 08:00:00,2025-02-20 12:00:00,7,2025-02-20,2025-02-20,1,1,S2,DEL,BOM,FY25,1545.2360300944,3,2025-02-17 07:00:00,2025-03-13,122,104,a8ef33ec-d947-4e55-bea1-6aa344c3f504,2025-12-05 04:47:12.960493,2025-12-05 04:47:12.960494,d8ad9cf2-8327-41d7-93c6-aa09c7c8f788
b7b77006-35fd-4587-aa0c-9bcfa058b32f,RTE777,11,2025-02-17 14:00:00,2025-02-17 07:00:00,1915,AI845,TN1150,41,163,380,141,7,AI,22,236,240,2025-02-17 08:00:00,2025-02-17 15:00:00,3,2025-02-17,2025-02-17,1,1,S5,DEL,BOM,FY25,3960.0841719188,9,2025-02-08 07:00:00,2025-06-17,138,210,ee14978d-57ed-4d10-b45d-c2ba02878752,2025-12-05 04:47:12.960654,2025-12-05 04:47:12.960655,181b2435-1a29-4c69-854e-cf4a516cd307
6ad442ac-c341-494a-bef6-4021d321968c,RTE238,12,2025-02-18 08:00:00,2025-02-18 03:00:00,1749,AI773,TN7363,33,256,948,206,7,AI,13,402,213,2025-02-18 05:00:00,2025-02-18 10:00:00,22,2025-02-18,2025-02-18,2,2,S13,DEL,BOM,FY25,1609.6134375578,21,2025-01-28 03:00:00,2025-08-23,187,61,2ff088eb-7df2-457a-a674-47072a63f3d2,2025-12-05 04:47:12.960800,2025-12-05 04:47:12.960801,30c51bb6-ec88-4a0c-b891-d353dd2ad86c
4cae6908-82d8-4f2b-bac0-79e7c0b016d5,RTE801,13,2025-03-14 02:00:00,2025-03-13 19:00:00,1248,AI583,TN4970,15,229,456,68,9,AI,11,229,30,2025-03-13 19:00:00,2025-03-14 02:00:00,14,2025-03-13,2025-03-14,0,0,S14,DEL,BOM,FY25,4530.2403475956,7,2025-03-06 19:00:00,2025-07-08,112,227,31812e54-b42d-49e0-9c66-fbdc864737ff,2025-12-05 04:47:12.960946,2025-12-05 04:47:12.960947,d37635d4-1439-4940-9711-a58f3cf85004
e672cef7-4cc0-4ec6-9f35-bb959ea7f2c9,RTE335,14,2025-02-23 10:00:00,2025-02-23 03:00:00,1889,AI425,TN6572,18,138,57,195,4,AI,39,428,464,2025-02-23 07:00:00,2025-02-23 14:00:00,3,2025-02-23,2025-02-23,4,4,S19,DEL,BOM,FY25,2123.4505483756,22,2025-02-01 03:00:00,2025-06-17,135,192,7c87084f-7e0a-4f8f-aefb-2311a95db1a7,2025-12-05 04:47:12.961093,2025-12-05 04:47:12.961094,86bc1548-8421-4209-8dde-4d829f0c5b4f
d6936aa5-6e73-4eb4-842b-2fc37e06d941,RTE538,15,2025-03-17 06:00:00,2025-03-17 02:00:00,1797,AI821,TN8570,38,233,769,173,7,AI,36,138,364,2025-03-17 03:00:00,2025-03-17 07:00:00,9,2025-03-17,2025-03-17,1,1,S1,DEL,BOM,FY25,1817.2595204636,3,2025-03-14 02:00:00,2025-06-08,53,138,a4716126-8fa0-4fab-9256-0d5e476e57f7,2025-12-05 04:47:12.961253,2025-12-05 04:47:12.961254,1596ac81-784c-4dc0-851c-a76c5f7afee5
7b4dca08-92b3-4fe5-87bf-b2185ccdaedb,RTE564,16,2025-02-15 09:00:00,2025-02-15 04:00:00,1759,AI434,TN2262,28,142,129,99,6,AI,26,102,381,2025-02-15 07:00:00,2025-02-15 12:00:00,7,2025-02-15,2025-02-15,3,3,S6,DEL,BOM,FY25,3513.4120424709,29,2025-01-17 04:00:00,2025-02-26,217,177,2ff34847-85a5-4bc0-a11c-620c61932c2f,2025-12-05 04:47:12.961435,2025-12-05 04:47:12.961436,2a7c96d0-4afa-434e-82ae-a10c10612813
7d8dcb1e-4ec1-4d53-9386-f280fbf1895b,RTE615,17,2025-02-23 21:00:00,2025-02-23 15:00:00,1640,AI524,TN6488,25,155,791,140,9,AI,36,101,474,2025-02-23 19:00:00,2025-02-24 01:00:00,18,2025-02-23,2025-02-23,4,4,S2,DEL,BOM,FY25,4733.730509465,0,2025-02-23 15:00:00,2025-10-02,181,101,fcd6567e-77fb-4301-86a8-4f0e72f4def9,2025-12-05 04:47:12.961618,2025-12-05 04:47:12.961619,aa2c9ee6-6568-49cd-841c-0060d1764054
36148368-74e4-4aa0-85f5-92a1f86abfb3,RTE894,18,2025-01-18 16:00:00,2025-01-18 08:00:00,1024,AI311,TN7058,16,166,488,181,5,AI,12,75,412,2025-01-18 10:00:00,2025-01-18 18:00:00,25,2025-01-18,2025-01-18,2,2,S18,DEL,BOM,FY25,2755.193344394,12,2025-01-06 08:00:00,2025-05-16,100,230,74328be2-9567-44d6-981a-833992cff73a,2025-12-05 04:47:12.961772,2025-12-05 04:47:12.961772,131b7247-5d17-40fb-8068-6f0c728ae8fd
934cbca8-649a-478d-bfe4-f37d2cac42bc,RTE953,19,2025-02-14 12:00:00,2025-02-14 10:00:00,1539,AI163,TN8577,5,258,139,155,5,AI,43,321,231,2025-02-14 11:00:00,2025-02-14 13:00:00,29,2025-02-14,2025-02-14,1,1,S12,DEL,BOM,FY25,3824.0595864082,21,2025-01-24 10:00:00,2025-06-04,71,146,14a3a5fc-f0ae-47ee-a6aa-d0cdc8bcd5d4,2025-12-05 04:47:12.961918,2025-12-05 04:47:12.961919,a947e5cb-ecc1-4009-9e45-10624d413c8e
877daa36-b9b0-48f5-b8a0-ff61c8aecdd5,RTE396,20,2025-02-10 00:00:00,2025-02-09 15:00:00,1038,AI371,TN8206,12,187,261,209,2,AI,6,247,121,2025-02-09 16:00:00,2025-02-10 01:00:00,29,2025-02-09,2025-02-10,1,1,S17,DEL,BOM,FY25,3482.3825318386,27,2025-01-13 15:00:00,2025-07-27,79,218,eb09317e-25d7-40b8-b6a4-bdf77fb2a9fa,2025-12-05 04:47:12.962065,2025-12-05 04:47:12.962066,1783611b-f8aa-4260-991d-2b2b271aeb36
f993eaf9-9f20-42ce-ac80-b86f55fef5f7,RTE833,21,2025-03-19 21:00:00,2025-03-19 18:00:00,1253,AI775,TN3246,31,108,517,241,2,AI,26,414,117,2025-03-19 18:00:00,2025-03-19 21:00:00,2,2025-03-19,2025-03-19,0,0,S8,DEL,BOM,FY25,2002.1363170344,3,2025-03-16 18:00:00,2025-02-13,63,116,b7dfce14-8980-4612-8ca8-e4b9826d853b,2025-12-05 04:47:12.962211,2025-12-05 04:47:12.962211,f174a792-e8b2-44ce-97d9-61f27c88614a
7758c4e1-31db-4100-8300-92733927f150,RTE283,22,2025-03-17 17:00:00,2025-03-17 15:00:00,1441,AI480,TN5243,39,105,83,78,9,AI,39,129,22,2025-03-17 18:00:00,2025-03-17 20:00:00,20,2025-03-17,2025-03-17,3,3,S8,DEL,BOM,FY25,4222.9730187209,14,2025-03-03 15:00:00,2025-03-13,103,102,051d5683-54ee-4119-afbf-7064bb6d01d8,2025-12-05 04:47:12.974518,2025-12-05 04:47:12.974520,15ef32c6-9913-44c5-9c1f-9320e7576ca2
75ae8db6-19f1-451c-b6cf-acc833547fa4,RTE971,23,2025-01-26 06:00:00,2025-01-26 00:00:00,1146,AI429,TN7438,33,233,461,229,5,AI,17,154,86,2025-01-26 05:00:00,2025-01-26 11:00:00,30,2025-01-26,2025-01-26,5,5,S2,DEL,BOM,FY25,4857.3966351143,3,2025-01-23 00:00:00,2025-08-15,219,167,4879b207-b7b7-4ddf-b381-995d363dcc58,2025-12-05 04:47:12.974795,2025-12-05 04:47:12.974796,2846ccb6-0d0d-4db0-b44f-c35803a40150
2d986289-5977-4e2c-9ae7-da8da1b7389a,RTE917,24,2025-03-08 15:00:00,2025-03-08 08:00:00,1323,AI710,TN5330,14,116,504,206,5,AI,24,250,267,2025-03-08 09:00:00,2025-03-08 16:00:00,27,2025-03-08,2025-03-08,1,1,S18,DEL,BOM,FY25,1711.7633122291,2,2025-03-06 08:00:00,2025-05-28,87,242,aeb371db-3afc-4244-8e8b-eb8783680fa8,2025-12-05 04:47:12.975151,2025-12-05 04:47:12.975153,5272abc2-0467-47c2-85bb-46168adf10fe
b1afa43e-727a-44a1-8d15-132f2b166e38,RTE264,25,2025-02-27 09:00:00,2025-02-27 01:00:00,1284,AI583,TN1251,42,132,148,113,6,AI,42,387,423,2025-02-27 02:00:00,2025-02-27 10:00:00,20,2025-02-27,2025-02-27,1,1,S16,DEL,BOM,FY25,3835.6204252271,3,2025-02-24 01:00:00,2025-08-07,143,239,027303ec-eaf4-465f-9ffb-ffcea377da68,2025-12-05 04:47:12.975767,2025-12-05 04:47:12.975769,ce141c5b-3a41-4e19-b3ca-e165a69a06bf
d42ed1f5-6a22-4ab0-9ff5-c4a219c134ce,RTE901,26,2025-02-04 00:00:00,2025-02-03 23:00:00,1220,AI135,TN1588,20,189,271,233,5,AI,31,460,150,2025-02-04 01:00:00,2025-02-04 02:00:00,15,2025-02-03,2025-02-04,2,2,S7,DEL,BOM,FY25,4098.4245971567,4,2025-01-30 23:00:00,2025-01-12,197,76,93d6b29b-df74-40d9-971a-e5a2152f29cf,2025-12-05 04:47:12.975990,2025-12-05 04:47:12.975991,008ad981-b7f1-441b-a2ad-1010fb9e7847
e4fe6083-9744-4c66-b48f-ccd394cccf41,RTE169,27,2025-01-14 20:00:00,2025-01-14 19:00:00,1316,AI606,TN7765,42,197,930,98,3,AI,15,283,388,2025-01-14 21:00:00,2025-01-14 22:00:00,29,2025-01-14,2025-01-14,2,2,S3,DEL,BOM,FY25,1922.0230958777,24,2024-12-21 19:00:00,2025-03-12,122,127,3088cdbe-3a19-47f4-b7a2-73e11112ddb3,2025-12-05 04:47:12.976177,2025-12-05 04:47:12.976178,b0b4a708-583a-4a27-aa31-2fe2fa7d5e69
443df373-ec9d-4be4-be94-a5c4244db3cf,RTE170,28,2025-02-02 05:00:00,2025-02-02 04:00:00,1905,AI989,TN3283,21,283,874,180,5,AI,1,396,360,2025-02-02 07:00:00,2025-02-02 08:00:00,26,2025-02-02,2025-02-02,3,3,S4,DEL,BOM,FY25,1881.0193455571,23,2025-01-10 04:00:00,2025-10-02,112,100,589c12f6-10ea-44d0-925b-162cc0cd4ce0,2025-12-05 04:47:12.976342,2025-12-05 04:47:12.976342,920f44c1-9099-4858-a337-bf9b0c87551d
da985a2d-1e7b-4382-84e9-afff20a62909,RTE803,29,2025-01-07 00:00:00,2025-01-06 18:00:00,1337,AI154,TN7246,23,201,388,176,5,AI,21,96,120,2025-01-06 18:00:00,2025-01-07 00:00:00,27,2025-01-06,2025-01-07,0,0,S1,DEL,BOM,FY25,4636.0108272482,2,2025-01-04 18:00:00,2025-02-20,233,136,803d3bef-d290-4979-bbf2-ced28dfb86c6,2025-12-05 04:47:12.976504,2025-12-05 04:47:12.976504,24ac22b6-e3b7-43df-833d-2161189ce05d
8311213c-49d4-44fc-99d2-a54b9bd1cd8f,RTE232,30,2025-02-16 17:00:00,2025-02-16 12:00:00,1033,AI902,TN7219,25,269,807,137,5,AI,41,456,158,2025-02-16 13:00:00,2025-02-16 18:00:00,20,2025-02-16,2025-02-16,1,1,S13,DEL,BOM,FY25,2204.8209253959,3,2025-02-13 12:00:00,2025-04-16,59,155,8797997b-8d68-47e2-b742-dc5f5c4de96f,2025-12-05 04:47:12.976706,2025-12-05 04:47:12.976708,e042b19d-c38c-4282-9b02-c6d2e41d1c6f
c8a0e624-fdea-4557-b74a-ea8a44844462,RTE883,31,2025-03-14 05:00:00,2025-03-13 20:00:00,1720,AI310,TN1756,14,230,25,133,1,AI,48,364,11,2025-03-13 20:00:00,2025-03-14 05:00:00,33,2025-03-13,2025-03-14,0,0,S14,DEL,BOM,FY25,3210.3841451157,7,2025-03-06 20:00:00,2025-01-22,208,114,372a2618-89f2-41ab-9575-5b4e5f31db00,2025-12-05 04:47:12.976916,2025-12-05 04:47:12.976917,41199925-fd08-4a22-89f1-93736c5805a1
9ebd89b6-804d-40b4-9a59-7310a29a47d0,RTE280,32,2025-03-19 10:00:00,2025-03-19 01:00:00,1830,AI364,TN9988,43,115,752,135,8,AI,11,71,491,2025-03-19 03:00:00,2025-03-19 12:00:00,2,2025-03-19,2025-03-19,2,2,S6,DEL,BOM,FY25,2006.0039658325,6,2025-03-13 01:00:00,2025-08-08,217,230,fe4a27e9-078e-44fc-93bc-cbee99f38daa,2025-12-05 04:47:12.977082,2025-12-05 04:47:12.977083,ee6a9209-98b6-41f9-8fc6-4b7b89672209
ec3ad4ca-c75a-4ecf-ad8c-2dbf989bf93f,RTE621,33,2025-02-03 00:00:00,2025-02-02 21:00:00,1715,AI978,TN8597,13,260,45,230,1,AI,5,438,175,2025-02-03 01:00:00,2025-02-03 04:00:00,2,2025-02-02,2025-02-03,4,4,S13,DEL,BOM,FY25,1282.4262301056,7,2025-01-26 21:00:00,2025-06-21,239,133,39c7c890-fa25-4a4c-907f-0dce20d4915c,2025-12-05 04:47:12.977249,2025-12-05 04:47:12.977249,52a08b86-fbfd-488b-b8b4-1dcb56cdacdb
eb064f9c-d757-4ec6-9d6a-42976e813324,RTE622,34,2025-03-11 18:00:00,2025-03-11 15:00:00,1438,AI645,TN7441,26,152,557,163,6,AI,7,14,207,2025-03-11 17:00:00,2025-03-11 20:00:00,26,2025-03-11,2025-03-11,2,2,S18,DEL,BOM,FY25,3338.044845231,24,2025-02-15 15:00:00,2025-04-30,189,138,29dcb98a-4079-4624-b4ac-82ce767caaec,2025-12-05 04:47:12.977415,2025-12-05 04:47:12.977416,5cc785df-1acc-4856-bdf8-6ac71d98fa00
72bb74ab-9670-4407-a6fc-25a12a568409,RTE323,35,2025-03-22 07:00:00,2025-03-21 22:00:00,1929,AI463,TN8476,32,250,710,105,6,AI,2,225,450,2025-03-22 01:00:00,2025-03-22 10:00:00,8,2025-03-21,2025-03-22,3,3,S12,DEL,BOM,FY25,1925.5859422333,29,2025-02-20 22:00:00,2025-03-08,112,223,0a84a12d-8240-4542-a6f2-8aed3b93302e,2025-12-05 04:47:12.977621,2025-12-05 04:47:12.977622,d08be3d4-f6a4-4589-8184-48cdcbacab65
315de641-5f77-417a-8557-d37502e1dd1a,RTE772,36,2025-02-11 13:00:00,2025-02-11 06:00:00,1631,AI882,TN6505,40,160,579,52,1,AI,3,197,193,2025-02-11 08:00:00,2025-02-11 15:00:00,33,2025-02-11,2025-02-11,2,2,S18,DEL,BOM,FY25,3989.3358189995,2,2025-02-09 06:00:00,2025-01-10,194,144,bca7ecc5-da16-4977-a972-afbe2c9badc1,2025-12-05 04:47:12.977847,2025-12-05 04:47:12.977848,0d9b1bd0-8aba-414c-b535-f51defee1582
0c3b3a2d-ece8-4e5c-a1b3-e2709c55fab7,RTE935,37,2025-01-27 15:00:00,2025-01-27 09:00:00,1761,AI127,TN9495,10,101,195,145,5,AI,30,11,240,2025-01-27 10:00:00,2025-01-27 16:00:00,20,2025-01-27,2025-01-27,1,1,S13,DEL,BOM,FY25,1809.4617299724,5,2025-01-22 09:00:00,2025-04-10,190,84,9ceb7bbd-1033-4945-9e9d-cc80d0feafe6,2025-12-05 04:47:12.978032,2025-12-05 04:47:12.978033,7a0c35a2-0da8-45f7-9bcc-2bb87e9c380d
f427374c-062b-4249-b77d-b84369b3ed12,RTE888,38,2025-03-25 07:00:00,2025-03-25 06:00:00,1705,AI455,TN8991,21,248,969,153,6,AI,15,414,171,2025-03-25 11:00:00,2025-03-25 12:00:00,30,2025-03-25,2025-03-25,5,5,S11,DEL,BOM,FY25,3154.2660035215,15,2025-03-10 06:00:00,2025-07-06,164,195,bfebb9ec-2228-45fd-8921-224a853748ba,2025-12-05 04:47:12.978237,2025-12-05 04:47:12.978238,36df6ce5-4e2a-45dd-9f57-17b4bcf4c73c
02250bf7-fd30-4429-ae11-981971a3b930,RTE896,39,2025-02-14 21:00:00,2025-02-14 12:00:00,1949,AI441,TN6842,38,253,725,53,5,AI,49,490,189,2025-02-14 12:00:00,2025-02-14 21:00:00,1,2025-02-14,2025-02-14,0,0,S2,DEL,BOM,FY25,1066.5567172237,26,2025-01-19 12:00:00,2025-04-11,66,81,e08c2149-aef8-4261-842d-baf03ec776fe,2025-12-05 04:47:12.978472,2025-12-05 04:47:12.978472,b0b50160-b87f-4743-a993-cd688a8c9c9c
58555ed0-bba2-4b5b-8e3c-be69929fab1e,RTE981,40,2025-02-01 07:00:00,2025-02-01 06:00:00,1126,AI574,TN6424,9,187,605,106,1,AI,29,478,252,2025-02-01 08:00:00,2025-02-01 09:00:00,18,2025-02-01,2025-02-01,2,2,S6,DEL,BOM,FY25,1218.1455195595,22,2025-01-10 06:00:00,2025-06-19,181,121,73653362-bd98-4954-a16e-d7958052d013,2025-12-05 04:47:12.978658,2025-12-05 04:47:12.978659,2fd51eeb-ec5b-4245-b2f1-f604136da213
6b24e976-cd1b-42b0-9383-201af3c577ac,RTE274,41,2025-01-19 01:00:00,2025-01-19 00:00:00,1318,AI297,TN5994,41,271,378,119,5,AI,39,426,311,2025-01-19 00:00:00,2025-01-19 01:00:00,29,2025-01-19,2025-01-19,0,0,S6,DEL,BOM,FY25,4310.7009969434,16,2025-01-03 00:00:00,2025-08-17,131,178,88dbe346-5cc0-49c9-ad45-14d7fb1d3ace,2025-12-05 04:47:12.978817,2025-12-05 04:47:12.978818,9b1502e9-7e6e-47e2-be04-547359705ace
dc3b0aef-701e-4400-b928-15ebd5010410,RTE754,42,2025-03-11 02:00:00,2025-03-10 18:00:00,1951,AI550,TN6813,19,234,931,217,6,AI,37,338,254,2025-03-10 18:00:00,2025-03-11 02:00:00,31,2025-03-10,2025-03-11,0,0,S14,DEL,BOM,FY25,1700.454787495,25,2025-02-13 18:00:00,2025-06-22,148,172,3d64a9a5-d474-464f-a3e9-008e645a20d9,2025-12-05 04:47:12.979016,2025-12-05 04:47:12.979017,e015a9b1-1d6c-49e7-b054-e3493baec421
92075e11-ce09-49ea-a757-9f6923e5e626,RTE768,43,2025-02-01 23:00:00,2025-02-01 21:00:00,1930,AI898,TN1575,35,186,999,147,2,AI,32,376,399,2025-02-01 21:00:00,2025-02-01 23:00:00,6,2025-02-01,2025-02-01,0,0,S7,DEL,BOM,FY25,1035.1842484629,27,2025-01-05 21:00:00,2025-03-23,140,162,31b5fdf1-1f22-4fbe-b268-acf6d97009b8,2025-12-05 04:47:12.979198,2025-12-05 04:47:12.979198,cae7dc98-8e74-4861-9438-b449a0c169fd
3a95a268-6163-4139-a8c2-74b843808635,RTE133,44,2025-01-21 06:00:00,2025-01-20 22:00:00,1219,AI477,TN7276,20,196,387,113,7,AI,11,209,324,2025-01-21 00:00:00,2025-01-21 08:00:00,19,2025-01-20,2025-01-21,2,2,S9,DEL,BOM,FY25,4859.3713666621,25,2024-12-26 22:00:00,2025-09-01,218,104,d4ee3193-2b39-4e3d-9f5f-1425e978205c,2025-12-05 04:47:12.979353,2025-12-05 04:47:12.979354,4ceff03d-5061-4c46-af92-71203a5c8634
b9237dae-e2c0-4fb7-bcc4-bdbf10226ffa,RTE439,45,2025-02-03 02:00:00,2025-02-02 17:00:00,1654,AI704,TN6912,11,268,739,189,1,AI,28,330,96,2025-02-02 21:00:00,2025-02-03 06:00:00,25,2025-02-02,2025-02-03,4,4,S5,DEL,BOM,FY25,4427.8342064992,26,2025-01-07 17:00:00,2025-07-09,153,185,2b04527e-767c-4140-8829-4152ed922365,2025-12-05 04:47:12.979505,2025-12-05 04:47:12.979505,51b9afd7-652f-4541-8d69-6ffc3214dfb4
e1668e7c-fd86-49b0-850b-3e8139538594,RTE764,46,2025-03-09 08:00:00,2025-03-09 03:00:00,1433,AI252,TN9352,48,242,969,245,4,AI,16,481,355,2025-03-09 03:00:00,2025-03-09 08:00:00,26,2025-03-09,2025-03-09,0,0,S7,DEL,BOM,FY25,1489.2003315274,13,2025-02-24 03:00:00,2025-03-29,119,188,acaf7bb4-9ccc-473f-8647-5edb1b6b6e6a,2025-12-05 04:47:12.979655,2025-12-05 04:47:12.979656,2418df55-545e-4b18-b78f-2a7de10969c8
3bb834ee-0181-4f91-bec4-32697b07f541,RTE588,47,2025-01-06 17:00:00,2025-01-06 15:00:00,1810,AI781,TN8043,7,168,416,76,4,AI,13,413,409,2025-01-06 16:00:00,2025-01-06 18:00:00,28,2025-01-06,2025-01-06,1,1,S6,DEL,BOM,FY25,2575.9258942388,20,2024-12-17 15:00:00,2025-01-17,206,216,9cb8d983-8530-48fa-8086-e2b064478506,2025-12-05 04:47:12.979806,2025-12-05 04:47:12.979807,eca57c2d-1857-4100-b8c5-cd9c4da05a50
2933a830-24fd-4047-8334-fce4826c7799,RTE191,48,2025-01-26 06:00:00,2025-01-25 22:00:00,1244,AI463,TN8425,4,275,140,175,7,AI,2,200,424,2025-01-25 23:00:00,2025-01-26 07:00:00,39,2025-01-25,2025-01-26,1,1,S1,DEL,BOM,FY25,1543.4710292689,5,2025-01-20 22:00:00,2025-10-10,114,193,f9247595-cd0c-4c41-ae34-1a24841957eb,2025-12-05 04:47:12.980000,2025-12-05 04:47:12.980000,4942e52e-eb04-42f9-874f-67793f4540bf
1915e22b-9250-432f-b864-74f9bd0ee523,RTE127,49,2025-03-16 15:00:00,2025-03-16 09:00:00,1473,AI424,TN5359,8,270,966,169,7,AI,21,262,36,2025-03-16 10:00:00,2025-03-16 16:00:00,24,2025-03-16,2025-03-16,1,1,S9,DEL,BOM,FY25,3992.1319631412,10,2025-03-06 09:00:00,2025-02-19,55,92,94fd9f6c-e311-493b-a021-9a8a6c70e41d,2025-12-05 04:47:12.980174,2025-12-05 04:47:12.980174,0d46f882-2368-4bd5-922a-f8831b58430f
ffa2ed9e-2b75-449e-87a7-ef30e147c44e,RTE296,50,2025-01-29 13:00:00,2025-01-29 11:00:00,1120,AI413,TN5643,15,281,611,154,4,AI,35,158,322,2025-01-29 13:00:00,2025-01-29 15:00:00,14,2025-01-29,2025-01-29,2,2,S18,DEL,BOM,FY25,3962.0522878515,1,2025-01-28 11:00:00,2025-04-06,175,96,061ea37b-0c5f-4616-b40a-1ccd85f0cc71,2025-12-05 04:47:12.980344,2025-12-05 04:47:12.980344,8a00d265-2e06-4a7c-a7fb-730ef51eb520
