ailab_adlendschedule,ailab_adlstartschedule,ailab_airportcode,ailab_airportcodeid,ailab_airportname,ailab_apisemailtoaddress,ailab_apissitatoaddress,ailab_arrbsminuseflag,ailab_boardingpassstampneeded,ailab_bsminuseflag,ailab_buminuseflag,ailab_carhireavailable,ailab_checkinopenminutesbefore,ailab_city,ailab_country,ailab_countrycode,ailab_countrycodeid,ailab_currencycodeid,ailab_defaultbagtagmode,ailab_defaultboardingcardmode,ailab_defaultdatacapturemode,ailab_defaultkioskclosebeforesdtminutes,ailab_destinationid,ailab_eresenabled,ailab_gmtoffset,ailab_hasfasttracksecurity,ailab_hasmobilecheckin,inuseflag,ailab_isfasttrackforejpluscard,ailab_isfasttrackforflexi,ailab_isskidestination,ailab_latitude,ailab_longitude,ailab_pnlitineraryflag,ailab_pnlschedule,ailab_pnlvariantid,ailab_printertypecodeid,ailab_prmschedule,ailab_sbplusflag,ailab_updatedatetm,ailab_input_file_name,ailab_bronze_insertdttm,ailab_acquisitiondttm,ailab_hashkey,ailab_insertdttm,ailab_updatedttm,ailab_changeflag,ailab__recordid
23.84,3.59,SIN,393,Heathrow,ops0@air.com,SITA0,Y,1,N,Y,0,209,New York,Singapore,IN,155,120,MANUAL,AUTO,SCAN,74,1557,N,2,0,Y,Y,1,0,1,1.794137841,-1.0715366641,N,6.81,289,43,199,Y,2024-11-08 02:59:00,ingest_file_0.csv,2024-05-28 03:48:00,2025-01-05 14:21:00,HK353655,2024-03-28 14:40:00,2024-08-23 15:33:00,I,5622150781
13.86,8.77,JFK,181,Indira Gandhi Intl,ops1@air.com,SITA1,Y,1,Y,Y,1,75,New York,India,IN,2,82,AUTO,AUTO,SCAN,30,5610,N,9,0,N,Y,0,1,0,-62.7941733752,-151.5541291211,N,17.93,179,1,91,N,2024-10-07 13:31:00,ingest_file_1.csv,2024-04-06 04:57:00,2024-10-28 00:57:00,HK885742,2024-04-01 15:15:00,2024-01-05 11:00:00,I,4982723770
16.55,19.33,BOM,33,Indira Gandhi Intl,ops2@air.com,SITA2,Y,1,Y,N,0,249,Delhi,UAE,UK,104,152,MANUAL,AUTO,TYPED,42,5560,Y,-4,0,N,N,1,1,1,7.843422295,143.8961520883,Y,19.53,19,39,91,N,2025-01-27 23:30:00,ingest_file_2.csv,2024-04-10 23:47:00,2024-10-12 21:05:00,HK694386,2024-01-30 23:15:00,2024-01-15 15:54:00,I,7608639970
12.69,22.71,BOM,348,JFK Intl,ops3@air.com,SITA3,N,1,N,Y,0,147,Singapore,UK,SG,233,27,MANUAL,MANUAL,TYPED,69,1565,Y,-8,1,Y,Y,0,1,0,-58.0062163825,96.6493075547,N,4.33,402,30,189,Y,2024-06-03 12:59:00,ingest_file_3.csv,2024-04-20 05:41:00,2024-11-20 12:44:00,HK939836,2024-12-26 06:14:00,2024-12-16 13:18:00,U,7666501910
7.9,6.5,DEL,249,Heathrow,ops4@air.com,SITA4,Y,1,N,Y,0,208,London,USA,US,60,10,MANUAL,AUTO,TYPED,65,3319,Y,5,0,N,N,1,0,0,42.8427172279,-30.0879164554,Y,7.92,104,25,115,Y,2024-10-19 02:27:00,ingest_file_4.csv,2024-11-09 02:44:00,2024-09-19 20:52:00,HK997267,2024-07-10 12:13:00,2025-02-03 07:50:00,I,6302377729
3.43,10.51,LHR,147,Indira Gandhi Intl,ops5@air.com,SITA5,N,1,N,N,0,210,Delhi,UK,AE,28,17,AUTO,AUTO,SCAN,44,8984,Y,-4,0,N,Y,1,0,1,102.8615881879,-177.9004800846,Y,7.83,58,17,60,N,2024-02-05 03:51:00,ingest_file_5.csv,2024-03-02 13:34:00,2024-06-02 14:32:00,HK419866,2024-05-06 01:22:00,2024-06-26 02:27:00,I,4778659494
4.11,19.53,LHR,272,Changi,ops6@air.com,SITA6,Y,0,N,Y,0,134,London,India,UK,97,56,MANUAL,MANUAL,SCAN,23,9148,Y,3,0,N,N,1,0,0,-105.0960850094,-43.1808874274,Y,11.33,415,45,130,Y,2024-10-28 20:50:00,ingest_file_6.csv,2024-11-06 04:18:00,2024-04-14 19:41:00,HK336358,2024-08-13 05:34:00,2024-11-14 03:21:00,U,5298500774
0.42,22.74,JFK,402,Heathrow,ops7@air.com,SITA7,Y,1,Y,Y,1,188,Dubai,UAE,AE,194,152,AUTO,MANUAL,SCAN,31,3959,N,-11,0,Y,N,1,1,1,120.0901056676,-144.1606369958,Y,14.42,228,7,59,Y,2025-01-24 08:17:00,ingest_file_7.csv,2024-06-01 23:56:00,2024-05-03 05:49:00,HK496801,2024-02-21 18:43:00,2024-09-17 23:07:00,I,7956675794
2.41,14.01,LHR,279,Changi,ops8@air.com,SITA8,Y,1,Y,Y,0,108,Dubai,UAE,UK,14,124,AUTO,AUTO,SCAN,56,3003,Y,1,1,N,Y,1,1,0,179.31594737,84.8060150195,N,0.48,433,24,168,N,2024-01-02 23:28:00,ingest_file_8.csv,2024-11-09 07:09:00,2024-12-10 23:02:00,HK745734,2024-04-26 21:18:00,2024-09-11 14:15:00,I,9292485235
12.71,17.91,LHR,137,JFK Intl,ops9@air.com,SITA9,Y,0,N,N,0,295,Dubai,Singapore,US,243,118,AUTO,MANUAL,SCAN,99,4588,N,-3,1,Y,N,1,0,1,69.5019254395,-10.1523450011,Y,12.85,72,14,90,Y,2024-02-02 14:07:00,ingest_file_9.csv,2024-11-23 16:59:00,2024-06-27 00:41:00,HK443585,2024-07-09 00:12:00,2024-08-10 19:47:00,U,9114138904
14.71,20.39,DEL,318,JFK Intl,ops10@air.com,SITA10,Y,1,N,Y,1,191,Delhi,UK,IN,136,77,AUTO,AUTO,SCAN,109,6325,N,-4,1,Y,Y,0,0,0,-122.9390729956,-23.6779420444,N,0.07,315,18,52,N,2024-04-18 12:09:00,ingest_file_10.csv,2024-12-16 03:11:00,2024-06-25 11:14:00,HK925067,2024-08-19 19:32:00,2024-05-03 16:10:00,I,4809218641
1.6,23.93,DEL,6,Heathrow,ops11@air.com,SITA11,Y,0,Y,N,0,268,Singapore,Singapore,US,124,35,AUTO,MANUAL,SCAN,23,8259,N,2,0,N,N,1,0,1,-57.641972274,160.3706042383,N,20.82,243,3,177,N,2024-05-12 05:24:00,ingest_file_11.csv,2024-08-17 18:45:00,2024-02-16 14:49:00,HK302222,2024-10-09 18:21:00,2024-06-02 11:31:00,U,6165732108
20.01,0.77,SIN,195,Dubai Intl,ops12@air.com,SITA12,N,1,Y,Y,0,297,London,USA,SG,5,156,MANUAL,MANUAL,SCAN,93,3157,Y,11,1,Y,Y,0,1,0,147.3857630008,-7.1979843838,Y,0.15,283,18,51,Y,2024-12-25 08:39:00,ingest_file_12.csv,2024-09-05 07:36:00,2025-01-16 10:15:00,HK804222,2024-05-26 16:37:00,2024-03-10 14:29:00,U,5060384721
8.88,1.6,SIN,396,Indira Gandhi Intl,ops13@air.com,SITA13,Y,0,Y,Y,0,85,London,UAE,US,229,181,MANUAL,MANUAL,SCAN,56,623,Y,-3,1,Y,Y,1,1,1,-42.5526836744,-34.651881464,Y,16.81,138,24,118,Y,2024-02-25 02:47:00,ingest_file_13.csv,2025-02-03 04:30:00,2024-01-07 20:20:00,HK926092,2024-11-16 17:55:00,2024-03-02 22:46:00,U,5082299712
11.62,2.58,LHR,260,Changi,ops14@air.com,SITA14,Y,0,N,N,0,129,Mumbai,UAE,US,196,135,MANUAL,MANUAL,SCAN,104,9764,Y,2,0,Y,Y,1,0,1,-102.2936970853,-148.6328439931,N,7.68,422,5,26,Y,2024-05-22 02:54:00,ingest_file_14.csv,2024-12-15 08:39:00,2024-01-23 17:49:00,HK814087,2024-04-01 22:19:00,2024-03-23 23:48:00,I,8625953173
21.74,20.92,JFK,311,Dubai Intl,ops15@air.com,SITA15,N,0,N,N,1,164,New York,Singapore,SG,157,187,MANUAL,MANUAL,TYPED,73,3212,Y,-4,0,Y,Y,1,1,0,126.8060144067,174.058939046,Y,17.48,307,24,78,N,2024-02-22 17:23:00,ingest_file_15.csv,2024-02-15 00:54:00,2024-09-20 22:07:00,HK931886,2024-05-12 15:34:00,2024-03-04 10:12:00,U,7566821527
14.11,22.84,JFK,314,Indira Gandhi Intl,ops16@air.com,SITA16,Y,1,Y,N,0,266,Singapore,India,SG,76,46,AUTO,MANUAL,TYPED,21,1645,N,2,0,N,Y,1,1,0,-126.3417858079,30.888820925,Y,0.02,36,38,89,Y,2024-01-14 23:21:00,ingest_file_16.csv,2024-10-20 09:59:00,2024-06-19 01:20:00,HK194977,2024-04-06 23:21:00,2024-10-22 02:08:00,U,5108512795
13.61,20.39,BOM,93,Indira Gandhi Intl,ops17@air.com,SITA17,Y,1,N,N,1,63,Dubai,USA,SG,79,178,AUTO,AUTO,SCAN,51,3287,Y,-12,1,N,N,1,0,0,-126.4935233476,-62.7250397811,Y,20.04,370,46,72,N,2024-06-21 14:42:00,ingest_file_17.csv,2024-02-05 13:18:00,2024-12-02 09:52:00,HK440015,2024-09-03 01:36:00,2024-06-13 20:20:00,I,8400919892
8.69,9.24,LHR,234,Indira Gandhi Intl,ops18@air.com,SITA18,Y,0,N,Y,0,213,New York,Singapore,SG,183,123,MANUAL,AUTO,SCAN,60,6649,Y,8,1,Y,N,0,1,1,-75.9016760394,-20.4401989436,Y,18.91,52,34,36,N,2024-02-20 06:16:00,ingest_file_18.csv,2025-01-17 17:11:00,2024-12-04 20:14:00,HK105696,2024-12-01 17:33:00,2025-02-15 19:04:00,U,7666673301
6.01,12.95,LHR,64,Changi,ops19@air.com,SITA19,Y,0,N,Y,1,290,Mumbai,Singapore,AE,211,88,AUTO,MANUAL,TYPED,84,9857,N,-8,0,Y,N,0,1,0,-161.233146819,162.8862515247,Y,12.89,88,30,50,Y,2025-02-01 00:22:00,ingest_file_19.csv,2024-05-28 10:49:00,2025-01-24 06:49:00,HK111642,2024-03-22 02:10:00,2024-01-02 15:07:00,U,1816647261
19.98,16.85,DEL,109,Dubai Intl,ops20@air.com,SITA20,Y,0,Y,N,0,241,Delhi,Singapore,AE,140,189,MANUAL,MANUAL,TYPED,68,8905,Y,11,0,Y,Y,0,1,1,92.2215745234,-105.4472157264,N,9.0,298,7,171,N,2024-02-13 23:22:00,ingest_file_20.csv,2024-01-03 12:23:00,2025-01-21 04:45:00,HK489339,2024-01-20 13:14:00,2024-02-05 16:34:00,I,7145385113
2.12,19.58,SIN,142,Indira Gandhi Intl,ops21@air.com,SITA21,Y,1,N,N,0,170,Delhi,India,IN,24,176,AUTO,AUTO,SCAN,67,5590,N,9,1,Y,N,0,1,1,-74.70131493,-69.2179469774,N,9.08,200,35,132,N,2025-01-07 14:24:00,ingest_file_21.csv,2024-02-11 08:43:00,2024-12-15 23:50:00,HK571599,2025-01-03 03:27:00,2025-01-05 06:15:00,I,1564758801
16.05,22.87,DEL,439,Dubai Intl,ops22@air.com,SITA22,Y,0,Y,Y,1,70,Delhi,USA,SG,54,106,MANUAL,MANUAL,SCAN,65,3965,N,11,0,N,Y,1,0,0,167.6275615071,-161.6948492827,Y,7.7,71,27,131,N,2025-02-15 21:21:00,ingest_file_22.csv,2024-04-03 14:11:00,2024-03-08 00:45:00,HK909643,2024-06-29 21:45:00,2024-12-20 02:05:00,I,4199965229
1.89,13.06,SIN,462,Changi,ops23@air.com,SITA23,N,0,N,N,0,109,Singapore,USA,SG,183,101,AUTO,AUTO,TYPED,117,7959,Y,-3,1,N,Y,0,0,0,-73.2239417506,57.32062918,N,18.69,113,49,130,N,2024-01-13 17:15:00,ingest_file_23.csv,2024-01-11 11:31:00,2025-02-19 23:24:00,HK360388,2025-02-02 08:25:00,2024-03-01 13:06:00,U,7944693237
9.78,12.39,JFK,376,Indira Gandhi Intl,ops24@air.com,SITA24,N,0,N,N,0,271,Delhi,UK,IN,165,129,AUTO,MANUAL,TYPED,85,9420,Y,-5,1,N,N,1,1,0,49.6177340681,129.6995297565,N,2.73,247,40,149,Y,2024-12-14 13:12:00,ingest_file_24.csv,2024-09-28 23:02:00,2024-03-09 10:20:00,HK784745,2024-04-13 21:20:00,2024-09-08 17:11:00,U,3860744247
12.95,7.09,DEL,285,Indira Gandhi Intl,ops25@air.com,SITA25,Y,0,Y,N,0,74,Mumbai,India,UK,46,46,MANUAL,AUTO,TYPED,62,6714,Y,11,1,N,N,0,1,1,-172.5901779229,-0.1159417785,Y,4.47,254,14,127,Y,2024-06-19 23:48:00,ingest_file_25.csv,2025-01-11 20:40:00,2024-05-18 20:19:00,HK177275,2024-07-31 10:15:00,2024-08-08 18:22:00,I,4963271580
11.65,18.83,SIN,103,Changi,ops26@air.com,SITA26,Y,0,N,N,1,286,Delhi,USA,US,244,80,MANUAL,AUTO,SCAN,100,5777,N,-9,0,N,N,1,1,0,88.2985958733,41.3113546849,Y,8.27,455,44,184,Y,2025-02-02 11:27:00,ingest_file_26.csv,2025-02-13 22:25:00,2024-04-23 06:23:00,HK843923,2024-12-28 08:16:00,2024-09-18 16:11:00,U,2742184534
10.36,4.26,DEL,401,Indira Gandhi Intl,ops27@air.com,SITA27,Y,0,Y,Y,1,90,Singapore,UK,IN,107,196,MANUAL,AUTO,SCAN,118,7194,Y,11,1,Y,Y,1,1,1,-106.7657200517,110.421522462,Y,10.89,349,11,71,Y,2024-11-06 15:27:00,ingest_file_27.csv,2024-10-02 07:05:00,2024-10-25 07:58:00,HK277784,2024-06-29 12:11:00,2024-07-29 07:18:00,I,8476557943
12.69,11.74,DXB,12,Changi,ops28@air.com,SITA28,N,0,Y,Y,0,197,Mumbai,India,UK,223,19,MANUAL,AUTO,TYPED,106,9571,Y,-11,0,Y,Y,0,1,0,22.4481895988,178.5909621057,N,20.73,323,15,55,Y,2024-11-04 06:14:00,ingest_file_28.csv,2024-06-10 01:26:00,2025-02-13 22:05:00,HK516680,2024-01-03 10:54:00,2024-02-28 14:12:00,I,2886741572
21.63,22.19,SIN,136,Indira Gandhi Intl,ops29@air.com,SITA29,N,0,Y,N,1,169,Singapore,USA,SG,211,82,AUTO,AUTO,SCAN,13,4483,N,-3,0,Y,N,0,0,1,115.6420090391,104.8082781007,N,3.43,81,14,146,Y,2024-05-30 07:52:00,ingest_file_29.csv,2024-07-07 08:07:00,2024-06-06 06:33:00,HK854584,2024-07-24 02:39:00,2024-01-05 01:58:00,I,9573434888
5.29,8.23,DEL,150,JFK Intl,ops30@air.com,SITA30,Y,1,Y,N,1,284,London,Singapore,UK,132,115,MANUAL,AUTO,SCAN,53,3143,N,5,1,Y,N,1,1,1,29.5334179635,-163.3454694577,Y,18.48,208,32,58,N,2024-10-02 11:49:00,ingest_file_30.csv,2024-06-06 01:27:00,2024-04-22 07:49:00,HK381637,2024-10-17 21:26:00,2024-06-06 11:40:00,U,3392247004
20.88,6.38,JFK,119,Changi,ops31@air.com,SITA31,Y,1,N,N,1,121,New York,UK,UK,48,176,MANUAL,MANUAL,SCAN,40,2677,N,6,1,N,N,0,1,0,-63.7023606272,-69.1950476923,N,14.18,257,49,121,N,2024-09-29 05:05:00,ingest_file_31.csv,2024-06-02 04:36:00,2024-03-25 05:33:00,HK772983,2024-10-27 11:35:00,2024-11-21 12:47:00,U,1562654928
13.0,13.29,DEL,205,Heathrow,ops32@air.com,SITA32,Y,1,N,N,1,173,Mumbai,India,SG,97,142,AUTO,AUTO,SCAN,88,7779,N,-7,1,N,Y,1,0,1,-152.262927486,136.1230125192,Y,10.24,71,30,101,N,2024-05-19 20:10:00,ingest_file_32.csv,2024-06-03 19:10:00,2025-02-16 21:01:00,HK602279,2024-09-26 10:22:00,2024-09-04 16:15:00,U,2787149147
19.18,4.22,JFK,41,JFK Intl,ops33@air.com,SITA33,N,1,N,Y,0,187,London,UAE,IN,22,141,MANUAL,MANUAL,TYPED,108,3960,N,-3,1,N,N,1,1,0,-105.08208088,30.1058249871,Y,16.67,267,6,110,Y,2024-03-24 04:57:00,ingest_file_33.csv,2024-12-26 01:56:00,2024-05-06 14:15:00,HK715406,2024-08-12 18:09:00,2024-02-26 00:41:00,I,4663880979
4.1,7.41,DXB,391,Indira Gandhi Intl,ops34@air.com,SITA34,Y,1,Y,N,0,159,Mumbai,India,SG,53,176,MANUAL,MANUAL,SCAN,88,9372,N,5,1,Y,Y,1,0,1,-131.0069008711,-75.0388844236,N,17.31,219,15,44,Y,2024-11-29 13:04:00,ingest_file_34.csv,2024-01-23 19:04:00,2024-11-24 00:45:00,HK718002,2024-02-26 04:15:00,2025-01-13 06:23:00,U,6592603233
20.73,14.88,JFK,99,Indira Gandhi Intl,ops35@air.com,SITA35,Y,0,Y,Y,1,217,New York,India,SG,111,107,MANUAL,MANUAL,TYPED,106,6898,Y,-3,0,Y,Y,1,0,0,55.196658741,104.2965921519,N,1.23,130,35,53,N,2025-01-22 02:29:00,ingest_file_35.csv,2024-05-29 17:33:00,2024-01-07 04:44:00,HK267411,2024-01-16 10:35:00,2024-01-16 10:47:00,I,2981969794
13.58,8.18,LHR,380,Changi,ops36@air.com,SITA36,Y,1,N,N,1,154,Singapore,Singapore,AE,234,106,AUTO,AUTO,SCAN,62,3392,Y,3,1,N,N,1,0,0,-119.4721394588,-123.7102234182,N,6.77,435,16,102,Y,2025-01-03 00:20:00,ingest_file_36.csv,2024-02-05 11:08:00,2024-07-11 17:08:00,HK726165,2024-06-13 11:28:00,2024-02-24 20:56:00,U,8624594136
1.56,21.19,LHR,25,Heathrow,ops37@air.com,SITA37,Y,0,Y,Y,1,181,London,Singapore,UK,216,19,AUTO,AUTO,SCAN,106,8885,Y,1,1,Y,Y,0,1,1,-80.2835234244,36.5631674779,N,4.48,36,36,31,N,2024-03-20 21:57:00,ingest_file_37.csv,2024-06-09 11:54:00,2024-12-28 15:16:00,HK391897,2025-01-27 00:37:00,2024-06-14 12:57:00,U,2874933705
23.13,13.84,DEL,439,Dubai Intl,ops38@air.com,SITA38,N,0,Y,N,1,284,New York,UAE,SG,43,55,AUTO,MANUAL,SCAN,25,5296,N,-9,0,Y,N,0,1,0,171.0728378083,122.204976527,N,13.13,249,23,85,N,2024-02-18 13:30:00,ingest_file_38.csv,2024-12-05 03:27:00,2024-04-13 05:11:00,HK231532,2024-11-08 21:36:00,2024-04-29 17:23:00,U,3494974420
15.22,17.92,JFK,132,JFK Intl,ops39@air.com,SITA39,N,1,N,N,1,232,New York,India,IN,112,37,AUTO,MANUAL,SCAN,113,5093,N,10,0,N,Y,1,1,0,-164.0203551637,-98.1869800369,Y,22.68,112,29,2,N,2024-08-07 00:45:00,ingest_file_39.csv,2024-01-04 17:26:00,2024-07-14 21:01:00,HK230679,2024-07-19 21:37:00,2024-12-01 06:43:00,U,2946733969
19.91,16.19,DEL,475,Heathrow,ops40@air.com,SITA40,N,0,N,Y,0,121,London,Singapore,UK,89,54,AUTO,MANUAL,TYPED,59,7423,N,-6,1,Y,Y,1,0,1,-128.9985916804,-157.8949980263,Y,18.21,252,40,170,N,2025-01-26 17:14:00,ingest_file_40.csv,2024-06-01 17:46:00,2024-07-24 22:48:00,HK588338,2024-04-16 09:51:00,2024-08-22 04:08:00,I,9206528723
10.78,21.55,SIN,172,Dubai Intl,ops41@air.com,SITA41,N,0,Y,Y,1,176,New York,Singapore,SG,57,147,AUTO,MANUAL,SCAN,10,2298,Y,2,1,N,Y,1,0,1,149.6351848133,-98.672341086,Y,18.01,496,36,117,Y,2024-09-15 07:55:00,ingest_file_41.csv,2025-01-11 03:11:00,2024-06-09 10:11:00,HK104352,2024-04-10 03:57:00,2024-03-04 22:26:00,I,7206291264
23.46,10.87,DEL,131,JFK Intl,ops42@air.com,SITA42,N,0,N,Y,1,90,New York,UAE,UK,216,175,AUTO,MANUAL,SCAN,62,4156,Y,-8,1,Y,Y,0,0,0,-24.7630842009,79.3430450521,N,22.24,346,45,196,N,2024-10-23 17:00:00,ingest_file_42.csv,2024-08-28 02:55:00,2024-05-13 18:46:00,HK189633,2025-01-14 19:41:00,2024-02-21 08:30:00,I,7268219340
1.6,8.09,SIN,32,Changi,ops43@air.com,SITA43,Y,0,Y,Y,0,70,Singapore,USA,UK,90,2,MANUAL,AUTO,SCAN,78,6566,Y,9,0,N,N,0,1,0,-2.2815226198,-98.7673392482,N,6.58,448,37,188,N,2024-05-02 04:09:00,ingest_file_43.csv,2024-10-13 00:22:00,2024-12-31 08:54:00,HK471554,2024-08-07 17:03:00,2024-07-19 19:59:00,I,3647595379
21.32,11.96,LHR,4,Dubai Intl,ops44@air.com,SITA44,Y,1,Y,Y,0,196,Mumbai,UK,US,92,156,MANUAL,AUTO,SCAN,66,7180,N,11,1,N,Y,0,0,1,49.324225056,75.2455737398,N,6.64,208,10,190,N,2024-03-24 16:59:00,ingest_file_44.csv,2024-12-30 04:02:00,2025-02-10 15:19:00,HK982950,2024-09-24 14:26:00,2024-11-04 10:29:00,U,1990909663
16.73,15.76,DEL,60,Heathrow,ops45@air.com,SITA45,Y,1,N,N,1,134,Mumbai,USA,UK,87,198,AUTO,MANUAL,TYPED,80,7450,N,-5,1,N,N,1,1,0,-61.831718454,95.1931255111,N,15.74,306,49,190,Y,2024-07-02 11:20:00,ingest_file_45.csv,2024-03-25 02:19:00,2024-01-26 10:50:00,HK676768,2025-02-16 03:44:00,2024-01-28 03:38:00,I,4594905751
0.9,10.91,SIN,312,JFK Intl,ops46@air.com,SITA46,N,1,N,N,0,258,London,Singapore,AE,156,124,MANUAL,MANUAL,SCAN,18,336,Y,10,1,N,N,0,0,1,161.5867685345,-19.948086216,N,2.83,140,38,27,N,2024-06-18 14:13:00,ingest_file_46.csv,2024-08-18 23:12:00,2025-02-15 05:31:00,HK103549,2024-12-27 17:54:00,2024-03-21 03:11:00,U,3611747130
21.66,12.46,LHR,60,Dubai Intl,ops47@air.com,SITA47,N,0,N,N,0,135,Singapore,UK,IN,215,95,AUTO,MANUAL,TYPED,46,2761,N,-12,1,N,Y,0,0,1,99.7805081359,-81.7461297947,Y,22.33,128,32,152,N,2024-10-20 21:40:00,ingest_file_47.csv,2024-09-11 03:15:00,2024-05-19 04:17:00,HK394770,2025-01-18 00:16:00,2024-06-02 10:22:00,I,6696417681
4.16,17.15,DEL,225,Dubai Intl,ops48@air.com,SITA48,N,1,Y,N,1,129,Dubai,UAE,UK,130,75,MANUAL,AUTO,TYPED,44,6504,Y,8,1,Y,N,0,0,0,-34.3785688459,-142.6475449975,Y,0.15,188,20,16,N,2024-01-27 14:18:00,ingest_file_48.csv,2024-12-17 09:32:00,2024-11-11 04:26:00,HK915291,2024-12-30 05:47:00,2024-12-04 22:59:00,I,9280844331
7.87,16.9,DEL,263,Changi,ops49@air.com,SITA49,Y,0,Y,Y,1,122,London,India,IN,112,20,MANUAL,AUTO,SCAN,54,5533,N,-5,1,Y,N,0,0,0,90.9309100623,37.4401928554,Y,17.55,113,23,90,N,2024-10-21 04:26:00,ingest_file_49.csv,2024-06-27 04:07:00,2024-08-11 21:44:00,HK829723,2024-09-13 07:25:00,2024-12-04 09:47:00,I,4340716256
10.31,22.26,DXB,395,Heathrow,ops50@air.com,SITA50,N,1,N,Y,1,147,Singapore,UAE,US,57,118,MANUAL,MANUAL,TYPED,44,6444,N,2,1,Y,Y,1,1,0,-95.6699078455,122.5340502704,Y,19.75,116,32,60,N,2024-07-22 17:04:00,ingest_file_50.csv,2024-05-18 07:10:00,2024-06-27 22:25:00,HK220201,2025-01-16 02:36:00,2024-11-06 04:07:00,U,2866747655
4.81,10.89,JFK,189,JFK Intl,ops51@air.com,SITA51,N,0,N,N,1,131,London,USA,AE,94,162,AUTO,MANUAL,TYPED,51,721,Y,0,1,N,Y,0,0,0,126.6015837466,-22.4783153898,N,10.62,88,13,183,N,2024-07-02 07:20:00,ingest_file_51.csv,2025-02-17 00:05:00,2024-01-21 00:36:00,HK883052,2024-04-17 09:35:00,2024-03-16 01:22:00,U,7054474985
4.76,5.94,LHR,131,Indira Gandhi Intl,ops52@air.com,SITA52,Y,0,Y,Y,1,254,Mumbai,UK,AE,171,102,AUTO,MANUAL,SCAN,83,9036,Y,-5,0,N,N,0,0,1,-67.6281450493,-96.3884507721,Y,23.63,398,38,115,N,2025-01-14 10:17:00,ingest_file_52.csv,2024-03-19 07:03:00,2024-11-23 00:05:00,HK899934,2025-01-25 04:39:00,2024-11-09 00:32:00,I,1175597381
7.54,13.7,JFK,364,Indira Gandhi Intl,ops53@air.com,SITA53,Y,1,N,Y,0,180,Singapore,UAE,SG,106,58,AUTO,AUTO,TYPED,92,7489,N,-6,0,N,Y,0,0,0,-102.1294359925,-153.062174708,Y,6.66,67,46,50,N,2024-03-19 20:10:00,ingest_file_53.csv,2024-04-09 17:23:00,2024-12-21 16:52:00,HK846223,2024-02-16 13:52:00,2024-08-01 11:49:00,I,1713607139
18.41,7.17,SIN,457,Changi,ops54@air.com,SITA54,Y,1,Y,N,1,160,Singapore,UAE,IN,185,165,AUTO,MANUAL,TYPED,104,3227,Y,3,1,Y,Y,1,1,0,-144.8073041347,-19.5842108516,N,20.25,418,46,130,Y,2024-07-13 02:14:00,ingest_file_54.csv,2024-09-24 11:26:00,2024-07-25 14:48:00,HK502854,2024-12-26 02:17:00,2024-04-02 14:33:00,I,5795362880
10.62,13.43,SIN,433,Changi,ops55@air.com,SITA55,Y,0,Y,N,1,254,Mumbai,USA,IN,175,124,MANUAL,MANUAL,SCAN,66,5780,N,-2,1,Y,N,1,1,0,159.1509116466,-28.012929564,Y,22.09,77,21,78,Y,2024-06-07 22:00:00,ingest_file_55.csv,2024-03-08 00:23:00,2024-08-08 22:14:00,HK358572,2024-09-27 04:05:00,2025-01-24 08:32:00,U,3927409867
10.54,19.92,DXB,304,Heathrow,ops56@air.com,SITA56,Y,1,N,Y,0,139,New York,Singapore,SG,33,162,MANUAL,MANUAL,SCAN,100,7521,Y,-12,1,Y,N,1,1,1,175.6533192889,158.2339837557,Y,13.25,497,7,38,N,2024-12-21 03:00:00,ingest_file_56.csv,2024-04-06 15:05:00,2024-11-26 22:29:00,HK690680,2024-01-13 22:05:00,2024-05-03 20:01:00,I,9537428742
5.96,8.99,DEL,167,Indira Gandhi Intl,ops57@air.com,SITA57,N,1,N,Y,1,60,Mumbai,USA,UK,219,94,AUTO,MANUAL,TYPED,54,2536,Y,-4,0,Y,N,0,1,1,83.2957550699,40.9475988619,N,2.84,289,22,19,Y,2024-01-26 22:16:00,ingest_file_57.csv,2024-11-20 22:40:00,2024-05-25 00:04:00,HK943877,2024-01-09 12:44:00,2024-10-01 12:16:00,I,6838849429
12.45,3.15,DXB,316,Heathrow,ops58@air.com,SITA58,Y,1,N,Y,0,153,Singapore,UK,IN,23,51,AUTO,AUTO,TYPED,81,3645,Y,-1,0,N,Y,1,0,0,-73.2272830399,150.2635844271,Y,23.33,295,9,59,Y,2024-01-20 12:37:00,ingest_file_58.csv,2025-02-01 05:33:00,2024-04-25 06:15:00,HK913510,2024-02-12 16:24:00,2024-07-25 19:52:00,U,6739502384
17.36,15.09,DEL,77,Dubai Intl,ops59@air.com,SITA59,Y,0,Y,N,0,101,New York,UK,IN,37,67,MANUAL,MANUAL,SCAN,91,7886,N,-1,0,N,Y,1,0,0,55.4552122978,-118.0199156604,N,18.95,72,35,143,N,2024-11-16 10:13:00,ingest_file_59.csv,2024-09-08 15:02:00,2024-12-17 22:10:00,HK932431,2024-10-18 08:04:00,2024-04-03 18:25:00,U,2412426002
8.19,14.33,DXB,338,Heathrow,ops60@air.com,SITA60,Y,0,Y,N,1,262,Mumbai,India,SG,2,32,AUTO,AUTO,TYPED,69,5274,N,2,1,N,N,0,1,1,9.9241340012,-85.420620058,N,14.72,167,49,87,N,2024-02-20 18:19:00,ingest_file_60.csv,2024-03-30 20:47:00,2024-06-17 17:50:00,HK319293,2024-07-08 12:27:00,2024-06-23 06:51:00,I,5004027422
4.69,18.03,SIN,270,Dubai Intl,ops61@air.com,SITA61,N,1,N,Y,0,113,Delhi,UAE,SG,83,116,MANUAL,AUTO,TYPED,93,6427,N,-4,1,N,N,1,0,1,-164.2526519952,69.4365526045,Y,21.16,410,45,175,Y,2024-10-15 18:08:00,ingest_file_61.csv,2024-05-27 16:43:00,2024-10-28 02:42:00,HK786074,2024-05-26 00:19:00,2024-05-07 15:34:00,I,4923115449
15.53,9.26,JFK,52,Dubai Intl,ops62@air.com,SITA62,Y,0,Y,Y,1,89,New York,USA,US,236,25,MANUAL,AUTO,SCAN,68,8670,Y,-4,1,N,Y,0,0,1,-7.6680632378,-50.8269457004,Y,2.7,95,32,63,N,2025-01-08 18:58:00,ingest_file_62.csv,2024-03-30 02:11:00,2024-02-09 09:40:00,HK430800,2024-08-03 17:55:00,2024-02-29 03:41:00,I,6825430901
21.86,11.6,LHR,414,Heathrow,ops63@air.com,SITA63,N,0,N,Y,1,96,Mumbai,India,UK,137,84,AUTO,AUTO,SCAN,50,7897,Y,8,0,Y,N,0,0,1,85.5039835892,-121.1276126124,N,17.44,406,43,97,Y,2024-02-25 01:51:00,ingest_file_63.csv,2024-08-06 00:19:00,2024-04-22 08:39:00,HK111737,2024-08-16 13:31:00,2024-03-19 05:44:00,U,2432840419
17.46,10.77,JFK,466,Changi,ops64@air.com,SITA64,Y,0,Y,N,0,237,Singapore,UAE,SG,10,142,AUTO,AUTO,SCAN,53,8525,N,4,1,N,N,1,0,0,78.2123477526,-68.6479750935,Y,9.82,374,5,171,N,2024-03-13 23:25:00,ingest_file_64.csv,2024-08-17 01:02:00,2024-01-06 03:00:00,HK907803,2024-08-04 23:07:00,2024-10-06 11:00:00,I,3523885194
16.86,13.3,JFK,325,Indira Gandhi Intl,ops65@air.com,SITA65,N,0,Y,Y,1,211,Delhi,UK,SG,173,124,MANUAL,MANUAL,SCAN,45,9055,Y,-4,1,Y,Y,0,1,0,-128.1304036454,108.617488533,N,11.15,454,14,187,N,2024-08-03 22:25:00,ingest_file_65.csv,2024-05-03 04:27:00,2024-12-07 20:07:00,HK648093,2024-11-28 12:57:00,2024-03-13 17:08:00,I,3691297136
9.65,21.73,DXB,36,Dubai Intl,ops66@air.com,SITA66,Y,0,N,Y,0,150,London,UK,AE,134,190,AUTO,AUTO,SCAN,95,4702,Y,0,0,N,Y,1,1,0,115.9784097948,15.5342966112,Y,22.85,143,12,126,Y,2024-03-12 04:20:00,ingest_file_66.csv,2024-07-19 06:49:00,2024-01-30 00:10:00,HK573070,2024-10-24 09:11:00,2024-12-25 01:13:00,U,4825120350
0.63,9.7,BOM,349,Indira Gandhi Intl,ops67@air.com,SITA67,Y,1,N,Y,0,220,Delhi,UK,UK,166,13,AUTO,AUTO,TYPED,97,1,Y,-10,1,Y,N,0,0,1,50.3381926353,-70.6277782394,Y,18.26,292,19,183,Y,2024-09-01 12:09:00,ingest_file_67.csv,2024-08-04 20:22:00,2024-03-13 21:55:00,HK963114,2024-03-28 21:02:00,2024-08-09 18:37:00,U,1026275028
17.37,2.02,SIN,216,Indira Gandhi Intl,ops68@air.com,SITA68,N,1,Y,Y,1,204,Dubai,USA,UK,71,129,MANUAL,AUTO,TYPED,43,1938,N,-1,1,Y,N,0,0,0,142.8455106847,70.9845406655,Y,9.36,185,28,86,N,2024-05-08 03:06:00,ingest_file_68.csv,2024-09-16 22:37:00,2024-01-31 13:03:00,HK545576,2024-11-04 20:46:00,2024-12-01 12:55:00,U,3555193650
0.21,23.8,LHR,202,Heathrow,ops69@air.com,SITA69,Y,0,Y,Y,1,216,New York,UK,US,19,106,MANUAL,MANUAL,SCAN,116,6551,N,-4,0,Y,N,1,0,1,-150.3141865601,57.9130823046,N,11.55,369,14,120,Y,2024-12-11 20:35:00,ingest_file_69.csv,2024-05-31 18:13:00,2025-01-30 23:13:00,HK977285,2024-01-28 03:00:00,2024-08-20 05:46:00,I,4476790328
21.1,5.46,JFK,188,Heathrow,ops70@air.com,SITA70,N,0,N,N,1,225,Singapore,USA,AE,99,64,AUTO,AUTO,TYPED,40,47,Y,-2,1,Y,Y,1,1,0,43.0262783017,11.630739021,Y,7.56,489,30,111,N,2024-01-23 07:00:00,ingest_file_70.csv,2024-04-08 16:41:00,2024-09-09 11:05:00,HK143890,2024-11-06 09:22:00,2024-02-18 08:24:00,U,9738497666
16.9,20.62,JFK,420,Dubai Intl,ops71@air.com,SITA71,Y,1,Y,Y,0,160,Singapore,India,IN,237,176,AUTO,MANUAL,SCAN,26,9746,N,-8,0,Y,Y,1,1,1,-75.5060464234,-104.4559252346,N,7.85,360,8,120,Y,2024-09-28 19:38:00,ingest_file_71.csv,2024-10-19 01:32:00,2025-02-17 14:29:00,HK783445,2025-02-12 03:24:00,2024-12-06 22:03:00,I,9660549229
2.79,3.28,BOM,360,Dubai Intl,ops72@air.com,SITA72,N,0,N,Y,1,270,Dubai,USA,IN,145,102,AUTO,AUTO,TYPED,19,7597,N,10,0,Y,Y,1,0,1,56.7354242028,90.4602999258,N,14.91,216,6,134,N,2024-01-15 01:54:00,ingest_file_72.csv,2024-04-01 13:23:00,2024-04-24 11:02:00,HK527425,2024-04-26 00:44:00,2025-01-11 23:30:00,I,7844387763
4.99,1.6,DEL,161,Changi,ops73@air.com,SITA73,Y,0,Y,N,0,68,Dubai,India,AE,19,92,MANUAL,AUTO,TYPED,112,9931,Y,-1,1,Y,N,0,1,0,-179.7291311929,37.3339605391,N,0.77,132,44,119,N,2024-06-06 19:53:00,ingest_file_73.csv,2024-06-15 16:01:00,2024-04-19 17:58:00,HK551257,2024-01-18 23:04:00,2024-03-02 17:47:00,I,1348000357
13.65,0.14,SIN,126,Changi,ops74@air.com,SITA74,Y,0,Y,N,0,204,New York,UAE,AE,149,63,AUTO,AUTO,TYPED,43,6305,Y,-9,0,Y,N,0,0,1,-95.7092879754,-121.2312191343,N,7.49,411,31,14,N,2024-11-27 02:23:00,ingest_file_74.csv,2024-02-13 05:20:00,2024-02-26 12:35:00,HK924582,2025-01-25 11:59:00,2024-04-23 06:51:00,I,2893135910
0.47,11.78,SIN,300,JFK Intl,ops75@air.com,SITA75,Y,0,N,Y,1,76,Singapore,USA,SG,158,128,MANUAL,AUTO,SCAN,62,1606,N,9,0,Y,N,1,1,0,-132.994777016,-143.0137537491,N,0.95,91,29,50,Y,2024-12-27 03:09:00,ingest_file_75.csv,2025-01-28 22:15:00,2024-01-14 11:29:00,HK845298,2024-07-13 09:40:00,2024-08-01 17:35:00,U,3487129926
11.75,8.1,DEL,191,Changi,ops76@air.com,SITA76,Y,0,Y,N,0,88,Mumbai,USA,SG,22,29,MANUAL,AUTO,TYPED,63,6292,Y,5,1,N,Y,0,0,1,-60.7262269883,-64.0224588432,Y,19.35,466,44,163,N,2025-01-26 15:31:00,ingest_file_76.csv,2025-01-08 09:48:00,2024-06-22 10:55:00,HK682855,2024-12-05 16:24:00,2024-06-19 22:43:00,I,6594805986
12.28,6.62,DXB,148,Heathrow,ops77@air.com,SITA77,N,1,N,N,0,269,Delhi,UK,US,173,99,MANUAL,AUTO,TYPED,89,2144,N,-2,1,Y,N,1,1,1,29.0500321076,173.6055786515,N,15.17,234,7,58,N,2024-08-02 14:48:00,ingest_file_77.csv,2024-06-03 09:26:00,2024-06-10 08:56:00,HK238381,2024-03-21 02:36:00,2025-01-15 18:50:00,U,7116704953
0.43,0.4,SIN,351,Heathrow,ops78@air.com,SITA78,Y,0,N,N,0,207,Singapore,UK,IN,185,67,AUTO,AUTO,SCAN,81,2530,N,-12,0,Y,N,1,0,1,-126.9991223196,-67.6819559361,N,20.84,178,39,135,N,2024-06-14 03:07:00,ingest_file_78.csv,2024-04-01 17:33:00,2024-09-29 18:32:00,HK657110,2024-07-12 11:54:00,2025-01-27 04:57:00,U,7905727371
6.85,17.32,LHR,90,JFK Intl,ops79@air.com,SITA79,N,0,Y,Y,0,213,London,India,US,240,44,AUTO,MANUAL,SCAN,40,242,Y,-12,1,N,Y,1,0,0,127.3637057782,-122.2139865792,N,0.69,142,11,0,Y,2024-03-21 22:54:00,ingest_file_79.csv,2024-11-06 20:14:00,2024-08-10 05:26:00,HK411438,2024-04-10 12:08:00,2024-08-24 12:57:00,I,1556408780
23.71,12.13,JFK,4,JFK Intl,ops80@air.com,SITA80,Y,1,N,N,0,92,London,USA,UK,43,154,AUTO,AUTO,TYPED,100,2899,Y,6,0,Y,N,1,0,1,5.0774843891,50.3245621376,Y,15.89,68,1,158,N,2024-04-30 16:09:00,ingest_file_80.csv,2024-02-24 04:52:00,2024-12-29 15:14:00,HK723004,2024-06-09 01:29:00,2024-03-03 05:44:00,U,9918626466
2.75,15.17,DEL,253,Changi,ops81@air.com,SITA81,N,0,N,N,0,101,London,India,UK,82,125,MANUAL,MANUAL,SCAN,17,1053,N,6,0,Y,N,1,1,1,-91.5516415101,73.5384128702,Y,12.7,371,37,29,Y,2024-09-26 20:24:00,ingest_file_81.csv,2024-06-18 07:18:00,2024-05-01 06:34:00,HK497882,2025-01-18 21:54:00,2025-01-04 05:08:00,U,8895827780
16.84,21.73,DXB,293,Heathrow,ops82@air.com,SITA82,N,0,Y,N,1,79,London,UK,AE,120,153,AUTO,MANUAL,SCAN,63,3402,N,3,0,Y,N,0,1,1,-121.1325694576,0.1671953726,Y,12.57,102,45,28,N,2024-12-03 02:29:00,ingest_file_82.csv,2024-09-14 21:40:00,2024-04-05 16:04:00,HK282028,2024-08-27 20:34:00,2025-01-09 20:41:00,U,8333336000
2.06,15.37,DXB,264,JFK Intl,ops83@air.com,SITA83,N,1,Y,Y,1,95,Dubai,UAE,AE,50,113,AUTO,MANUAL,TYPED,91,2020,Y,0,0,N,N,0,0,1,-83.436111081,-16.7294072652,Y,3.44,90,7,114,Y,2024-12-25 02:57:00,ingest_file_83.csv,2024-06-19 19:21:00,2024-04-14 14:14:00,HK274297,2024-07-07 06:16:00,2024-10-17 11:40:00,U,4002111181
5.65,23.62,DEL,280,Changi,ops84@air.com,SITA84,Y,1,Y,N,1,233,Delhi,UAE,SG,7,74,AUTO,AUTO,TYPED,15,1473,Y,-8,0,N,Y,1,1,0,22.0860138239,23.0293023855,Y,2.05,392,13,39,N,2024-02-12 07:35:00,ingest_file_84.csv,2024-09-30 05:14:00,2024-05-12 07:18:00,HK868243,2024-03-18 18:42:00,2024-05-17 16:51:00,U,9722286381
7.64,19.74,SIN,307,Changi,ops85@air.com,SITA85,N,1,Y,Y,1,60,Singapore,UK,UK,204,186,MANUAL,AUTO,SCAN,111,9597,N,0,0,N,N,0,1,1,47.9296211686,-61.411623881,Y,7.59,93,7,177,N,2024-11-20 21:21:00,ingest_file_85.csv,2024-05-19 10:59:00,2024-05-12 01:48:00,HK190520,2024-12-14 21:10:00,2024-05-13 17:38:00,I,9419818210
17.66,23.96,SIN,196,Indira Gandhi Intl,ops86@air.com,SITA86,N,0,N,N,0,217,Delhi,UAE,SG,99,196,AUTO,MANUAL,SCAN,21,7837,N,6,1,N,N,1,0,1,-114.0520094146,-38.7082887469,N,20.04,196,3,112,Y,2024-02-11 23:22:00,ingest_file_86.csv,2025-01-23 05:19:00,2024-02-05 23:28:00,HK124027,2024-07-30 08:09:00,2024-09-02 06:07:00,I,5196096753
16.49,1.71,DEL,243,Indira Gandhi Intl,ops87@air.com,SITA87,Y,0,Y,Y,1,227,Delhi,India,UK,8,130,AUTO,AUTO,TYPED,100,6190,N,-5,0,Y,N,1,0,1,-62.6717732329,178.9927657165,Y,12.73,272,18,145,N,2024-03-31 23:17:00,ingest_file_87.csv,2024-08-20 09:22:00,2024-03-04 03:24:00,HK663830,2025-02-01 20:04:00,2025-01-03 06:15:00,I,7956698940
15.63,8.75,BOM,280,Dubai Intl,ops88@air.com,SITA88,N,1,N,N,0,171,Singapore,USA,SG,247,118,MANUAL,MANUAL,TYPED,84,6623,Y,3,0,N,Y,1,0,1,-91.9082690231,135.256329867,N,0.84,394,49,189,N,2024-05-14 01:29:00,ingest_file_88.csv,2024-07-23 23:50:00,2025-01-29 14:02:00,HK885568,2025-01-26 05:03:00,2024-11-18 06:04:00,U,2036563682
23.38,9.52,JFK,469,Changi,ops89@air.com,SITA89,N,0,N,N,0,104,Singapore,Singapore,UK,138,48,MANUAL,AUTO,SCAN,26,1110,Y,-1,0,Y,N,1,0,1,-27.341926975,1.4403158632,N,11.18,380,49,89,N,2024-05-25 16:53:00,ingest_file_89.csv,2024-06-23 18:30:00,2025-01-22 03:53:00,HK901371,2024-10-31 03:16:00,2024-06-23 08:53:00,I,9259742288
10.82,0.71,SIN,415,Heathrow,ops90@air.com,SITA90,N,1,N,Y,1,279,Singapore,UK,IN,94,54,AUTO,MANUAL,TYPED,94,2008,Y,3,0,Y,Y,0,0,0,114.7285070017,-29.8858936926,Y,11.61,446,6,102,Y,2024-04-19 22:01:00,ingest_file_90.csv,2024-12-13 04:46:00,2024-05-27 20:38:00,HK212042,2024-11-11 06:43:00,2024-10-29 04:41:00,I,4170964854
11.19,3.29,SIN,258,Indira Gandhi Intl,ops91@air.com,SITA91,N,1,Y,N,1,167,Mumbai,UK,SG,230,6,MANUAL,AUTO,TYPED,75,6522,N,-11,1,Y,N,1,0,0,67.7114773185,-130.3538822077,Y,6.32,442,28,154,N,2024-10-02 21:26:00,ingest_file_91.csv,2024-03-13 09:32:00,2024-06-25 08:56:00,HK437652,2024-02-10 22:11:00,2024-12-19 13:46:00,U,7763325648
0.75,22.25,DXB,97,Dubai Intl,ops92@air.com,SITA92,Y,1,N,N,0,135,Dubai,UK,UK,119,29,MANUAL,MANUAL,TYPED,117,9926,Y,8,1,Y,Y,0,0,1,-44.7573975147,-94.780521801,N,22.2,32,44,163,N,2024-06-01 08:20:00,ingest_file_92.csv,2024-03-19 00:36:00,2024-08-18 19:38:00,HK197452,2025-02-19 22:39:00,2024-06-29 00:40:00,U,3574398789
1.22,16.12,DXB,443,Heathrow,ops93@air.com,SITA93,N,0,N,N,1,185,New York,USA,UK,127,72,AUTO,MANUAL,SCAN,19,160,N,-5,1,Y,Y,0,1,1,-162.8624753021,-19.2233371097,N,13.44,467,29,66,Y,2024-03-29 07:42:00,ingest_file_93.csv,2024-03-27 13:06:00,2024-07-06 02:39:00,HK209585,2024-01-29 22:37:00,2024-08-06 10:16:00,U,1216333067
2.14,15.93,DEL,484,Indira Gandhi Intl,ops94@air.com,SITA94,N,1,Y,N,1,235,New York,UAE,IN,121,92,MANUAL,AUTO,TYPED,58,7606,N,6,1,Y,Y,1,0,0,110.616934085,65.5320200755,N,12.61,292,44,17,N,2024-08-05 11:06:00,ingest_file_94.csv,2024-12-02 03:02:00,2024-07-22 04:49:00,HK288424,2024-12-14 10:28:00,2024-12-26 21:40:00,I,1114377441
19.77,4.52,JFK,287,Indira Gandhi Intl,ops95@air.com,SITA95,Y,0,N,Y,1,287,London,Singapore,IN,173,45,MANUAL,MANUAL,SCAN,77,1126,Y,-4,0,N,Y,1,0,1,-3.5086473493,56.0262149412,N,2.8,480,9,145,Y,2024-06-21 06:28:00,ingest_file_95.csv,2024-08-12 15:54:00,2024-09-11 15:23:00,HK169727,2024-03-12 12:12:00,2024-01-02 06:41:00,I,9436051484
4.77,2.29,SIN,229,Indira Gandhi Intl,ops96@air.com,SITA96,Y,0,N,Y,1,104,Delhi,UAE,IN,63,117,AUTO,AUTO,SCAN,103,9120,Y,1,1,Y,Y,1,1,1,-175.5499321913,113.3887338057,N,2.89,220,34,92,N,2024-12-30 11:40:00,ingest_file_96.csv,2024-09-18 17:54:00,2024-01-26 11:45:00,HK524433,2024-03-26 14:52:00,2024-05-28 11:21:00,I,4731402681
1.83,20.84,SIN,405,Dubai Intl,ops97@air.com,SITA97,N,0,N,Y,1,241,Singapore,India,IN,139,34,MANUAL,AUTO,TYPED,43,7896,N,-3,0,Y,Y,1,0,1,-100.8065890286,-97.9218238416,N,7.15,17,46,16,Y,2025-02-15 17:58:00,ingest_file_97.csv,2024-10-17 06:52:00,2024-08-09 05:49:00,HK469356,2024-04-21 20:06:00,2024-08-29 12:44:00,U,7509765027
0.9,21.38,DXB,90,Dubai Intl,ops98@air.com,SITA98,Y,0,Y,N,0,142,London,USA,IN,168,187,MANUAL,AUTO,TYPED,71,9860,N,-5,1,Y,N,1,1,0,50.5456098059,123.7725258882,N,15.62,499,4,74,Y,2024-09-03 06:01:00,ingest_file_98.csv,2024-06-10 14:30:00,2024-12-11 23:58:00,HK747032,2024-07-01 07:47:00,2024-10-14 02:04:00,U,3448096428
2.9,15.49,JFK,422,JFK Intl,ops99@air.com,SITA99,Y,1,N,N,1,99,Dubai,Singapore,UK,36,140,AUTO,AUTO,TYPED,97,1821,Y,9,0,N,N,0,0,0,98.9621533627,23.0605087996,Y,10.76,456,6,8,Y,2024-05-01 23:56:00,ingest_file_99.csv,2024-10-28 02:59:00,2024-04-11 04:59:00,HK343616,2024-12-15 23:38:00,2024-08-11 21:15:00,I,7387835536
