ailab_flighthashid,ailab_departure_airport_hashid,ailab_arrival_airport_hashid,ailab_flight_operation_date,ailab_iata_aircraft_type_code,ailab_icao_carrier_code,ailab_iata_carrier_code,ailab_flight_number,flight_service_type_code,departure_iata_airport_code,departure_terminal_code,departure_runway_code,arrival_iata_airport_code,arrival_terminal_code,arrival_runway_code,ailab_operational_suffix,ailab_flight_status_code,ailab_flight_flown_flag,ailab_posted_to_accounting_flag,ailab_arrival_otp_candidate_flag,ailab_departure_otp_candidate_flag,ailab_door_closure_otp_candidate_flag,ailab_schedule_first_wave_flag,ailab_aircraft_registration,ailab_atc_call_sign,ailab_revenue_flightkey,ailab_sector,ailab_alpha_route,ailab_lid,ailab_total_seating_capacity,ailab_total_seats_sold,ailab_checkin_status,ailab_schedule_departure_time_utc,ailab_schedule_arrival_time_utc,ailab_schedule_block_minutes,ailab_latest_estimated_departure_time_utc,ailab_latest_estimated_arrival_time_utc,ailab_actual_door_closure_time_utc,ailab_actual_departure_time_utc,ailab_actual_takeoff_time_utc,ailab_actual_touchdown_time_utc,ailab_actual_arrival_time_utc,ailab_departure_door_closure_minutes,ailab_actual_taxiout_minutes,ailab_actual_flight_minutes,ailab_actual_taxiin_minutes,ailab_actual_block_minutes,ailab_departure_delay_minutes,ailab_departure_early_minutes,ailab_arrival_delay_minutes,ailab_arrival_early_minutes,ailab_input_file_name,ailab_bronze_insertdttm,ailab_silver_insertdttm,ailab_hashkey,ailab_insertdttm,ailab_updatedttm,ailab_changeflag,ailab__recorded
41f47d2c-c1d4-442c-b2a2-818e3290745e,5712a4a6-182f-4c6f-b38f-6164ca565760,f82c58ff-5750-4c17-8afc-5a3ec981209f,2025-02-12,788,AIC,AI,671,C,BOM,T3,32,MAA,T3,14,,ARR,False,False,True,True,True,True,VT-PMD,AIC488,87fe2909-b4a6-4b7b-b25d-88b15551e635,S1,RTE968,834,185,245,OPEN,2025-02-12 04:57:00,2025-02-12 05:57:00,60,2025-02-12 04:47:00,2025-02-12 05:47:00,2025-02-12 05:07:00,2025-02-12 05:17:00,2025-02-12 05:36:00,2025-02-12 10:36:00,2025-02-12 10:42:00,10,19,300,6,325,20,4,285,2,sourcefile.csv,2025-12-05 05:05:47.738701,2025-12-05 05:05:47.738704,5ddc64bf-f0ce-41dd-8e4e-a3cd5a6940b6,2025-12-05 05:05:47.739066,2025-12-05 05:05:47.739071,D,22859
afb27ba8-b20c-4f4d-aa00-139940f4ca58,051b51a2-e926-403f-a527-1c22d7836499,5a28a310-88d8-4ef8-8340-a30c838fae1e,2025-01-05,320,AIC,AI,165,C,MAA,T1,14,MAA,T2,14,,ARR,True,False,True,True,True,True,VT-KLM,AIC213,0e47ce36-ace6-4b7c-baae-f81ae4ddc8d9,S2,RTE365,952,246,179,IN_PROGRESS,2025-01-05 10:14:00,2025-01-05 15:14:00,300,2025-01-05 10:14:00,2025-01-05 15:14:00,2025-01-05 10:19:00,2025-01-05 10:24:00,2025-01-05 10:34:00,2025-01-05 11:34:00,2025-01-05 11:40:00,5,10,60,6,76,10,4,-214,0,sourcefile.csv,2025-12-05 05:05:47.739835,2025-12-05 05:05:47.739837,7ae7c0a1-7034-4c30-bc10-3e6c8d105a88,2025-12-05 05:05:47.739878,2025-12-05 05:05:47.739880,I,89452
ef6335f1-6fa5-4496-84d9-b591178d641b,240ea2e8-5f31-4968-8791-788c424aba2f,8ebf2260-8b66-4aec-8b60-0f164d4c4729,2025-01-03,73H,AIC,AI,572,J,BLR,T1,09,BOM,T3,14,,ARR,True,False,True,True,False,False,VT-ABC,AIC907,f3b4f4a9-8442-4781-9d43-5ed84ee7b208,S3,RTE667,504,210,111,CLOSED,2025-01-03 15:23:00,2025-01-03 18:23:00,180,2025-01-03 15:20:00,2025-01-03 18:20:00,2025-01-03 15:25:00,2025-01-03 15:29:00,2025-01-03 15:37:00,2025-01-03 19:37:00,2025-01-03 19:54:00,2,8,240,17,265,6,5,91,5,sourcefile.csv,2025-12-05 05:05:47.740281,2025-12-05 05:05:47.740282,c57c224a-1e13-4b90-a765-405e3537bc81,2025-12-05 05:05:47.740307,2025-12-05 05:05:47.740307,D,29196
789cfcd2-413c-45f0-b0ce-70207c8b7ff9,e9bb12f4-d18c-47ca-b162-6f00860019c5,0297f2ce-3b21-4f08-9bbd-d19bd7ef7c58,2025-01-16,321,AIC,AI,146,Y,BLR,T3,27,BOM,T3,32,,DEP,False,False,False,True,False,True,VT-KLM,AIC581,e61dd0c5-5d89-4909-a9fc-9c0df2b33548,S2,RTE935,89,189,152,OPEN,2025-01-16 02:43:00,2025-01-16 05:43:00,180,2025-01-16 02:35:00,2025-01-16 05:35:00,2025-01-16 02:47:00,2025-01-16 02:49:00,2025-01-16 03:07:00,2025-01-16 06:07:00,2025-01-16 06:27:00,4,18,180,20,218,6,5,44,1,sourcefile.csv,2025-12-05 05:05:47.740463,2025-12-05 05:05:47.740464,f7206e3d-c095-43c8-a809-595d87f165ea,2025-12-05 05:05:47.740487,2025-12-05 05:05:47.740487,D,60416
339454a5-d2c9-4eaa-a855-ee8d0b05a538,b310ec2e-8a6b-40a8-b5c1-ec2f0453c879,79d8b4bb-a8cb-44e7-99f3-c0315ae9d2a8,2025-02-06,320,AIC,AI,920,Y,BOM,T1,14,MAA,T1,32,,SCH,True,True,True,False,True,False,VT-PMD,AIC909,3287d4be-30c5-4cac-a9cf-8c75cc0ec17b,S1,RTE293,238,197,68,CLOSED,2025-02-06 23:00:00,2025-02-07 03:00:00,240,2025-02-06 23:12:00,2025-02-07 03:12:00,2025-02-06 22:58:00,2025-02-06 23:02:00,2025-02-06 23:10:00,2025-02-07 01:10:00,2025-02-07 01:18:00,-2,8,120,8,136,2,5,-102,4,sourcefile.csv,2025-12-05 05:05:47.740597,2025-12-05 05:05:47.740597,a6edbda8-af16-43b4-9a43-354749259f29,2025-12-05 05:05:47.740614,2025-12-05 05:05:47.740615,U,85277
32c21422-d0f6-4b58-8bdd-29895e6b0b09,3718b5ad-2bd0-4033-a959-506a9cbb72ad,568be91b-7920-49b3-822b-7a30899af386,2025-02-07,788,AIC,AI,476,C,MAA,T1,14,BLR,T3,32,,SCH,True,True,False,True,False,False,VT-PMD,AIC897,af9cb513-a18b-429f-9a96-82761a006c96,S2,RTE916,22,156,50,OPEN,2025-02-07 07:25:00,2025-02-07 10:25:00,180,2025-02-07 07:39:00,2025-02-07 10:39:00,2025-02-07 07:27:00,2025-02-07 07:31:00,2025-02-07 07:45:00,2025-02-07 09:45:00,2025-02-07 09:53:00,2,14,120,8,142,6,4,-32,5,sourcefile.csv,2025-12-05 05:05:47.740706,2025-12-05 05:05:47.740706,795512c0-4b06-44e0-a636-fb9398ceebcc,2025-12-05 05:05:47.740713,2025-12-05 05:05:47.740713,I,53222
5518d0f1-3e4c-4dcc-984e-09f40a1664ef,8ad0bd1c-cb47-40d3-89cc-257feabd32b9,b4abec13-a716-461d-ab7b-741a5ff8f70b,2025-01-03,788,AIC,AI,232,C,BOM,T3,32,BLR,T3,14,,CNL,True,False,True,False,False,False,VT-ABC,AIC937,5676c922-aad8-4064-8e32-678da7f7e20b,S2,RTE830,782,227,243,OPEN,2025-01-03 14:08:00,2025-01-03 18:08:00,240,2025-01-03 14:13:00,2025-01-03 18:13:00,2025-01-03 14:07:00,2025-01-03 14:17:00,2025-01-03 14:28:00,2025-01-03 18:28:00,2025-01-03 18:40:00,-1,11,240,12,263,9,2,32,0,sourcefile.csv,2025-12-05 05:05:47.740796,2025-12-05 05:05:47.740796,4450f175-30e8-476d-85bc-dc60d3521530,2025-12-05 05:05:47.740813,2025-12-05 05:05:47.740813,U,77778
5abdbece-6b5f-4b8a-ab34-ea0832697537,bd7db32d-c8b0-4b9a-99c6-2a12c5e72090,8ca5bb9b-dee6-4fb0-999f-cdfddd1486fb,2025-02-24,320,AIC,AI,610,C,DEL,T3,09,BOM,T1,32,,SCH,True,True,True,False,True,True,VT-PMD,AIC225,559f5bd2-3345-4683-a80d-363f48235b26,S2,RTE982,316,270,230,CLOSED,2025-02-24 00:26:00,2025-02-24 01:26:00,60,2025-02-24 00:44:00,2025-02-24 01:44:00,2025-02-24 00:34:00,2025-02-24 00:37:00,2025-02-24 00:49:00,2025-02-24 05:49:00,2025-02-24 05:55:00,8,12,300,6,318,11,2,269,0,sourcefile.csv,2025-12-05 05:05:47.740911,2025-12-05 05:05:47.740912,15c376fa-b6db-43f2-84f1-0fb74067b7d9,2025-12-05 05:05:47.740935,2025-12-05 05:05:47.740935,D,59779
df6e9982-2329-4447-9b12-44c538deb9e8,1472edf7-5d93-482a-9dfd-a15870a60010,6509ecca-420d-4781-9adf-eafe7c8ea9c4,2025-02-14,321,AIC,AI,321,J,BOM,T1,14,DEL,T1,09,,ARR,True,False,True,True,True,True,VT-PMD,AIC624,177bb549-2198-44da-b1f8-73966d12e14c,S1,RTE511,241,192,230,CLOSED,2025-02-14 10:44:00,2025-02-14 13:44:00,180,2025-02-14 10:51:00,2025-02-14 13:51:00,2025-02-14 10:42:00,2025-02-14 10:43:00,2025-02-14 10:53:00,2025-02-14 13:53:00,2025-02-14 13:59:00,-2,10,180,6,196,-1,3,15,5,sourcefile.csv,2025-12-05 05:05:47.741042,2025-12-05 05:05:47.741042,e6b89d5e-32d9-400e-b725-33dc38c84703,2025-12-05 05:05:47.741063,2025-12-05 05:05:47.741063,U,50205
de86ae31-0431-4fb5-b24f-9770d5ff900e,99f2bb84-7305-4cf6-a17c-1a0e5c6b8b41,20496eaf-62d9-4362-92b1-6f6aa17df480,2025-02-26,320,AIC,AI,482,J,BLR,T1,09,BOM,T1,27,,CNL,False,False,False,False,False,False,VT-KLM,AIC414,f2c19930-8c5e-47d0-b1fe-8d8e7f27ab8c,S2,RTE361,523,235,151,OPEN,2025-02-26 12:25:00,2025-02-26 16:25:00,240,2025-02-26 12:38:00,2025-02-26 16:38:00,2025-02-26 12:34:00,2025-02-26 12:38:00,2025-02-26 12:43:00,2025-02-26 17:43:00,2025-02-26 17:53:00,9,5,300,10,315,13,1,88,1,sourcefile.csv,2025-12-05 05:05:47.741149,2025-12-05 05:05:47.741149,289a0440-33b8-47b6-afa4-b5326ce1418e,2025-12-05 05:05:47.741164,2025-12-05 05:05:47.741164,D,80115
1372400f-22b0-451e-bc7c-87b2950b243a,59a9084b-8b04-40b6-a63b-1cd11eb5c3d5,9ecc1410-ae23-4cd9-aa8d-e39fa66877e1,2025-03-01,73H,AIC,AI,234,C,MAA,T2,14,BOM,T1,32,,DEP,False,True,True,True,True,False,VT-ABC,AIC796,d6b75b19-bbb3-443f-8cd6-5c667323a436,S3,RTE747,97,185,138,OPEN,2025-03-01 02:52:00,2025-03-01 03:52:00,60,2025-03-01 02:59:00,2025-03-01 03:59:00,2025-03-01 02:52:00,2025-03-01 02:55:00,2025-03-01 03:05:00,2025-03-01 05:05:00,2025-03-01 05:10:00,0,10,120,5,135,3,3,78,5,sourcefile.csv,2025-12-05 05:05:47.741246,2025-12-05 05:05:47.741246,545e2fe2-040f-47f9-bffb-167c7b6ec3af,2025-12-05 05:05:47.741253,2025-12-05 05:05:47.741253,U,64126
1d566ef2-392f-46cd-b5da-614182c52a05,16edb827-6c30-4e23-a666-e086c4e70742,ee5893be-a5f2-4ac7-b6c3-03bf55f24679,2025-02-10,321,AIC,AI,864,J,BLR,T1,14,DEL,T2,27,,DEP,True,False,True,False,True,True,VT-PMD,AIC374,1dac45c0-111e-453c-a42d-7d9c7ee2309d,S1,RTE411,859,225,161,OPEN,2025-02-10 01:37:00,2025-02-10 03:37:00,120,2025-02-10 01:46:00,2025-02-10 03:46:00,2025-02-10 01:38:00,2025-02-10 01:46:00,2025-02-10 02:05:00,2025-02-10 05:05:00,2025-02-10 05:22:00,1,19,180,17,216,9,0,105,3,sourcefile.csv,2025-12-05 05:05:47.741335,2025-12-05 05:05:47.741335,65e9c787-3cc0-4cf1-b376-e9b5b6d1dc98,2025-12-05 05:05:47.741351,2025-12-05 05:05:47.741351,D,99599
15cab19c-5741-4abb-9790-d5b05a31e9db,add5518c-17bb-488e-96df-75db3c9d8bb2,32c5c45f-0e25-4bd8-b2e1-fdce165897a4,2025-02-27,320,AIC,AI,449,C,DEL,T3,14,DEL,T3,32,,ARR,False,True,True,True,True,True,VT-PMD,AIC419,5d297fdb-8feb-4229-a8ff-627406b7aa1f,S3,RTE853,235,203,206,CLOSED,2025-02-27 09:18:00,2025-02-27 14:18:00,300,2025-02-27 09:32:00,2025-02-27 14:32:00,2025-02-27 09:24:00,2025-02-27 09:32:00,2025-02-27 09:44:00,2025-02-27 12:44:00,2025-02-27 13:04:00,6,12,180,20,212,14,5,-74,4,sourcefile.csv,2025-12-05 05:05:47.741435,2025-12-05 05:05:47.741436,07b99df9-2827-4c78-94b2-b08d589567de,2025-12-05 05:05:47.741451,2025-12-05 05:05:47.741451,U,89803
e0553419-3c25-42a6-b8cb-0041f287d4e9,e7d1cf7d-2f02-4af5-84eb-dbbae46564a2,18b65c0e-e95e-438f-9627-04d90b77e0e1,2025-01-14,321,AIC,AI,856,J,BOM,T3,32,BOM,T1,32,,SCH,False,False,False,True,False,False,VT-XYZ,AIC650,2cd35ded-8d60-4ed5-8336-8fbb419d8930,S3,RTE207,627,217,130,CLOSED,2025-01-14 14:59:00,2025-01-14 19:59:00,300,2025-01-14 15:12:00,2025-01-14 20:12:00,2025-01-14 15:08:00,2025-01-14 15:13:00,2025-01-14 15:25:00,2025-01-14 16:25:00,2025-01-14 16:35:00,9,12,60,10,82,14,5,-204,1,sourcefile.csv,2025-12-05 05:05:47.741536,2025-12-05 05:05:47.741537,2d2aee44-a286-4f96-ad4f-45074c2826d0,2025-12-05 05:05:47.741559,2025-12-05 05:05:47.741560,U,99395
410963d1-30eb-480c-877b-8bfd348ada6a,e94aaaa5-a934-4d0d-8234-43fa8ae0260a,73336f12-a7de-44ad-85cd-0b76deb6b7b8,2025-01-17,320,AIC,AI,850,C,BLR,T2,32,MAA,T3,09,,DEP,True,False,True,True,True,True,VT-ABC,AIC587,81925bd1-5250-471e-ae55-7efb143885b4,S3,RTE991,943,253,200,CLOSED,2025-01-17 16:24:00,2025-01-17 20:24:00,240,2025-01-17 16:31:00,2025-01-17 20:31:00,2025-01-17 16:27:00,2025-01-17 16:29:00,2025-01-17 16:40:00,2025-01-17 17:40:00,2025-01-17 18:00:00,3,11,60,20,91,5,2,-144,3,sourcefile.csv,2025-12-05 05:05:47.741661,2025-12-05 05:05:47.741661,d3e452e7-b4fe-4d22-a777-42142996542a,2025-12-05 05:05:47.741668,2025-12-05 05:05:47.741668,U,11489
df9c711a-4071-4f29-84a3-ab3cf20da14b,f5b933da-c72d-476d-a7a6-4c36cf041ade,deadb714-4110-4695-9989-8b334a2d25d2,2025-01-22,321,AIC,AI,718,J,DEL,T2,14,BOM,T1,09,,CNL,False,False,True,False,True,False,VT-KLM,AIC181,de038dbb-7932-4909-ad12-acc73c1a824a,S1,RTE986,921,206,115,IN_PROGRESS,2025-01-22 20:28:00,2025-01-23 01:28:00,300,2025-01-22 20:23:00,2025-01-23 01:23:00,2025-01-22 20:30:00,2025-01-22 20:33:00,2025-01-22 20:49:00,2025-01-22 21:49:00,2025-01-22 22:01:00,2,16,60,12,88,5,1,-207,4,sourcefile.csv,2025-12-05 05:05:47.741752,2025-12-05 05:05:47.741753,284cbd2c-3400-4e9b-b263-5714b18c0fec,2025-12-05 05:05:47.741761,2025-12-05 05:05:47.741761,U,52864
913d2bbd-2636-4c60-b470-6f6151d3a9b6,18eabcc3-9314-4f13-8b8f-ce46b489c99c,a5d27f82-1b01-41b7-9e1e-aaa81acc049c,2025-02-28,73H,AIC,AI,971,Y,DEL,T2,32,BLR,T3,32,,CNL,False,True,True,False,True,False,VT-PMD,AIC684,ed7cea2d-2eb5-45a6-acd0-23ac42f116d0,S1,RTE968,436,243,169,OPEN,2025-02-28 13:35:00,2025-02-28 16:35:00,180,2025-02-28 13:46:00,2025-02-28 16:46:00,2025-02-28 13:44:00,2025-02-28 13:50:00,2025-02-28 14:04:00,2025-02-28 17:04:00,2025-02-28 17:19:00,9,14,180,15,209,15,4,44,2,sourcefile.csv,2025-12-05 05:05:47.741839,2025-12-05 05:05:47.741840,5c4cacb8-8d65-4a66-9bb2-a9a4554d79c8,2025-12-05 05:05:47.741846,2025-12-05 05:05:47.741846,D,59388
99cb8c94-36d4-4719-851b-a93198807246,8e3ab086-fcad-4274-8346-f8828a0b3341,7ae5432c-524d-4ad4-ac37-f08169cd697b,2025-02-10,788,AIC,AI,137,J,DEL,T3,27,DEL,T2,14,,DEP,False,True,False,False,False,True,VT-XYZ,AIC863,849e2909-4293-4bc1-b0bc-2bce8281f1e3,S3,RTE958,635,159,70,OPEN,2025-02-10 13:58:00,2025-02-10 16:58:00,180,2025-02-10 14:12:00,2025-02-10 17:12:00,2025-02-10 14:07:00,2025-02-10 14:08:00,2025-02-10 14:19:00,2025-02-10 18:19:00,2025-02-10 18:36:00,9,11,240,17,268,10,0,98,5,sourcefile.csv,2025-12-05 05:05:47.741924,2025-12-05 05:05:47.741925,c15e6dfe-3ef7-404f-b04b-facdc8880a4b,2025-12-05 05:05:47.741931,2025-12-05 05:05:47.741931,I,66140
0ce780f6-4b18-4cf2-b68e-213527de0a07,486f9fd0-e671-4f2b-8709-6aacedc80467,89d0e912-4d80-4411-a8bc-9d332256ca55,2025-01-26,321,AIC,AI,117,J,BOM,T3,27,DEL,T3,14,,SCH,True,True,False,True,True,False,VT-KLM,AIC173,b3edb86d-4750-4fda-be15-26d891405252,S1,RTE965,367,280,150,IN_PROGRESS,2025-01-26 05:37:00,2025-01-26 09:37:00,240,2025-01-26 05:54:00,2025-01-26 09:54:00,2025-01-26 05:46:00,2025-01-26 05:52:00,2025-01-26 06:08:00,2025-01-26 09:08:00,2025-01-26 09:18:00,9,16,180,10,206,15,0,-19,2,sourcefile.csv,2025-12-05 05:05:47.742015,2025-12-05 05:05:47.742016,2b557acb-c310-42b4-91f2-3523928b3411,2025-12-05 05:05:47.742023,2025-12-05 05:05:47.742023,U,27969
cab579c1-9514-4890-893e-7f537fea6274,df6cb626-e108-482f-8475-18799cb370a1,0aec287f-864d-4b9b-9a8a-bd2debc30bcf,2025-01-03,788,AIC,AI,672,C,MAA,T2,09,DEL,T3,14,,CNL,True,False,True,False,False,True,VT-XYZ,AIC594,e4e082b3-bdaa-4134-9048-531b916dc588,S3,RTE867,845,209,160,CLOSED,2025-01-03 01:55:00,2025-01-03 03:55:00,120,2025-01-03 02:14:00,2025-01-03 04:14:00,2025-01-03 02:01:00,2025-01-03 02:02:00,2025-01-03 02:15:00,2025-01-03 04:15:00,2025-01-03 04:35:00,6,13,120,20,153,7,0,40,1,sourcefile.csv,2025-12-05 05:05:47.742133,2025-12-05 05:05:47.742133,08da3d8d-f6f5-4509-9419-85355e47ded2,2025-12-05 05:05:47.742151,2025-12-05 05:05:47.742151,D,77614
ca425046-f687-45bd-9fa4-c857bfc55030,730dcfc7-5df9-4ca4-b82d-75e659125c5d,48656ed7-13ee-4303-b726-da8967afc8d5,2025-02-12,788,AIC,AI,780,J,MAA,T2,32,MAA,T2,09,,ARR,True,True,False,False,False,True,VT-PMD,AIC911,a36e1e49-1944-4383-93be-64c9dd3af0c2,S2,RTE685,162,287,111,CLOSED,2025-02-12 10:57:00,2025-02-12 13:57:00,180,2025-02-12 11:14:00,2025-02-12 14:14:00,2025-02-12 10:55:00,2025-02-12 11:04:00,2025-02-12 11:10:00,2025-02-12 14:10:00,2025-02-12 14:19:00,-2,6,180,9,195,7,4,22,5,sourcefile.csv,2025-12-05 05:05:47.742236,2025-12-05 05:05:47.742237,69368828-b300-4449-bcfe-5fa2396a2a9d,2025-12-05 05:05:47.742256,2025-12-05 05:05:47.742256,U,50331
f982ad6e-9c51-47fd-b23c-29d0de7c4f42,8c2f687e-21d5-4b81-aeab-3cd90e2266df,38328d76-0581-4e59-a75e-970f77cd5ad9,2025-02-04,73H,AIC,AI,163,C,BOM,T2,32,BLR,T3,32,,SCH,False,False,False,False,False,False,VT-KLM,AIC863,2f9e5459-c12e-40cb-8dbd-100dcd9be718,S3,RTE492,933,215,195,IN_PROGRESS,2025-02-04 12:38:00,2025-02-04 15:38:00,180,2025-02-04 12:44:00,2025-02-04 15:44:00,2025-02-04 12:34:00,2025-02-04 12:35:00,2025-02-04 12:47:00,2025-02-04 13:47:00,2025-02-04 13:56:00,-4,12,60,9,81,-3,5,-102,3,sourcefile.csv,2025-12-05 05:05:47.742377,2025-12-05 05:05:47.742378,efed4853-245f-4a67-b161-419b6388e4fd,2025-12-05 05:05:47.742397,2025-12-05 05:05:47.742397,I,98832
9201083f-bf8f-48da-816b-6ab56775cf72,7d22cb52-6f25-426e-848b-08b494ad5a30,c7deead3-c5c5-442d-a113-f8af12383f62,2025-02-15,73H,AIC,AI,844,C,BOM,T2,09,MAA,T1,27,,DEP,False,True,False,False,False,False,VT-XYZ,AIC608,22d162bb-08e4-48c7-9e17-3fe1056c9919,S2,RTE346,786,283,166,OPEN,2025-02-15 01:47:00,2025-02-15 02:47:00,60,2025-02-15 01:50:00,2025-02-15 02:50:00,2025-02-15 01:47:00,2025-02-15 01:50:00,2025-02-15 02:06:00,2025-02-15 07:06:00,2025-02-15 07:12:00,0,16,300,6,322,3,2,265,5,sourcefile.csv,2025-12-05 05:05:47.742481,2025-12-05 05:05:47.742481,844b9779-ddb5-4245-bee8-87d5120be476,2025-12-05 05:05:47.742488,2025-12-05 05:05:47.742488,D,41742
ddf470a8-67b9-41a7-86b6-932579eaf0cd,3b7e4a2f-14b4-4c58-9fc3-5b5123f1f059,b8c8482d-dc1b-483c-b536-666f00c4901c,2025-01-14,320,AIC,AI,998,C,MAA,T3,14,MAA,T2,27,,CNL,False,False,True,True,True,False,VT-XYZ,AIC346,55239432-ef42-4fde-aacd-29b66cf87937,S1,RTE106,373,260,248,OPEN,2025-01-14 08:45:00,2025-01-14 12:45:00,240,2025-01-14 08:39:00,2025-01-14 12:39:00,2025-01-14 08:51:00,2025-01-14 09:00:00,2025-01-14 09:12:00,2025-01-14 11:12:00,2025-01-14 11:22:00,6,12,120,10,142,15,5,-83,4,sourcefile.csv,2025-12-05 05:05:47.742566,2025-12-05 05:05:47.742566,8cc051d3-e740-48e4-9692-2486694c4370,2025-12-05 05:05:47.742572,2025-12-05 05:05:47.742573,D,86655
5a833c74-ea1d-433b-95f0-5e833e5b53cf,9d199f37-c5fe-4a10-90e3-48e2861926c3,05fba43b-06f2-4801-9b37-a9390bb75113,2025-01-24,321,AIC,AI,447,Y,DEL,T1,27,MAA,T3,14,,ARR,False,True,False,False,False,True,VT-KLM,AIC901,a6b56d30-73bd-47c2-bcc2-05f6f4986e97,S3,RTE664,817,155,206,IN_PROGRESS,2025-01-24 01:41:00,2025-01-24 05:41:00,240,2025-01-24 01:35:00,2025-01-24 05:35:00,2025-01-24 01:37:00,2025-01-24 01:39:00,2025-01-24 01:47:00,2025-01-24 04:47:00,2025-01-24 05:04:00,-4,8,180,17,205,-2,4,-37,2,sourcefile.csv,2025-12-05 05:05:47.774511,2025-12-05 05:05:47.774515,b96f5d42-bc1f-495f-b2ef-adb991ef622d,2025-12-05 05:05:47.774659,2025-12-05 05:05:47.774662,I,18581
4419de22-299b-40aa-94ab-1f2d38737bca,a2f9196a-501b-41c3-956d-cdde674e828f,fbdfb4e2-e9ee-421f-b890-7d61a645629d,2025-01-18,321,AIC,AI,817,C,MAA,T1,14,BLR,T1,09,,CNL,False,True,False,False,True,False,VT-KLM,AIC715,fbc98f2a-13cf-4617-bb9e-b69daff3bc14,S2,RTE398,372,209,146,CLOSED,2025-01-18 14:12:00,2025-01-18 17:12:00,180,2025-01-18 14:31:00,2025-01-18 17:31:00,2025-01-18 14:21:00,2025-01-18 14:23:00,2025-01-18 14:29:00,2025-01-18 15:29:00,2025-01-18 15:48:00,9,6,60,19,85,11,0,-84,1,sourcefile.csv,2025-12-05 05:05:47.774959,2025-12-05 05:05:47.774960,faaf7955-886a-4d76-b355-5cec4c59d0f4,2025-12-05 05:05:47.774987,2025-12-05 05:05:47.774988,I,96487
f97c50bb-9c20-4aef-81e8-c742b67e6433,bd00f672-c924-40d6-8e0c-62a98b7be350,742f9134-65f6-417b-93a7-92c61ae5ebe9,2025-02-12,321,AIC,AI,186,J,MAA,T1,09,DEL,T2,27,,CNL,True,False,True,True,True,False,VT-ABC,AIC352,a22e1825-261c-4ce7-b889-8fed2eaf8725,S1,RTE720,572,223,233,IN_PROGRESS,2025-02-12 00:16:00,2025-02-12 03:16:00,180,2025-02-12 00:06:00,2025-02-12 03:06:00,2025-02-12 00:23:00,2025-02-12 00:26:00,2025-02-12 00:34:00,2025-02-12 02:34:00,2025-02-12 02:48:00,7,8,120,14,142,10,3,-28,1,sourcefile.csv,2025-12-05 05:05:47.775174,2025-12-05 05:05:47.775174,9e8327df-4db4-4db9-80ed-55c2ddbf599c,2025-12-05 05:05:47.775204,2025-12-05 05:05:47.775204,I,19032
e9a104c7-c7f1-4e4c-abea-4ae1672d420c,cd19817b-a2aa-401a-aa4e-4ec44dbaa8c7,f91a9faa-c474-4285-b575-3e152ac78430,2025-01-04,321,AIC,AI,271,C,BOM,T1,27,DEL,T2,27,,DEP,False,False,True,False,False,False,VT-KLM,AIC991,5cb3d5a7-4f1c-462d-ba06-9a1b20a99cde,S1,RTE403,561,236,141,IN_PROGRESS,2025-01-04 16:58:00,2025-01-04 19:58:00,180,2025-01-04 17:17:00,2025-01-04 20:17:00,2025-01-04 17:06:00,2025-01-04 17:10:00,2025-01-04 17:27:00,2025-01-04 18:27:00,2025-01-04 18:34:00,8,17,60,7,84,12,5,-84,1,sourcefile.csv,2025-12-05 05:05:47.775544,2025-12-05 05:05:47.775546,497064f4-0620-45d2-a433-3b431bba8d4f,2025-12-05 05:05:47.775602,2025-12-05 05:05:47.775602,U,56229
ec00cbfc-1c7d-4c8f-b80b-4d90a97a33c1,4b1143aa-db32-434a-bf4e-924c9ddbc39a,61a2122d-f94b-42f2-b3ab-2e81a4eee60e,2025-01-14,788,AIC,AI,778,C,MAA,T3,09,BOM,T1,32,,ARR,False,False,True,False,False,False,VT-ABC,AIC657,b7110f4e-bdc3-4e92-9d2d-3e70161ccb31,S1,RTE923,261,295,187,CLOSED,2025-01-14 21:16:00,2025-01-15 02:16:00,300,2025-01-14 21:22:00,2025-01-15 02:22:00,2025-01-14 21:22:00,2025-01-14 21:27:00,2025-01-14 21:44:00,2025-01-15 01:44:00,2025-01-15 01:58:00,6,17,240,14,271,11,2,-18,0,sourcefile.csv,2025-12-05 05:05:47.775838,2025-12-05 05:05:47.775840,cc9c03bf-43c8-4974-9e48-b9950a72495f,2025-12-05 05:05:47.775864,2025-12-05 05:05:47.775865,I,67105
19f7ba41-8fed-4415-bcd5-8950831593bd,5b0b20e4-9faf-47d6-bdc9-7661c98f9d2f,989714d3-e612-4532-95bf-68dd61465fd0,2025-02-19,321,AIC,AI,913,Y,BOM,T1,32,BLR,T3,27,,CNL,True,False,False,True,False,False,VT-ABC,AIC595,727624d6-0672-4c1d-88cf-161ee0efe84b,S2,RTE340,584,198,111,IN_PROGRESS,2025-02-19 10:14:00,2025-02-19 12:14:00,120,2025-02-19 10:10:00,2025-02-19 12:10:00,2025-02-19 10:15:00,2025-02-19 10:20:00,2025-02-19 10:29:00,2025-02-19 11:29:00,2025-02-19 11:42:00,1,9,60,13,82,6,4,-32,1,sourcefile.csv,2025-12-05 05:05:47.776028,2025-12-05 05:05:47.776029,bd5bb671-a661-492c-b468-30b771503046,2025-12-05 05:05:47.776049,2025-12-05 05:05:47.776049,D,87081
2d2e4bc8-b475-4e01-9670-1a4d3729772f,e7e0cfb9-7de5-4863-9bbf-8468811e509f,c4130d17-8813-4ca5-9ba0-ce7d4e772d99,2025-01-06,788,AIC,AI,799,J,DEL,T1,32,BOM,T1,14,,CNL,False,False,True,False,True,False,VT-XYZ,AIC300,26b24b21-da9f-48f3-ac82-7d0faffa046b,S2,RTE462,410,274,158,OPEN,2025-01-06 02:08:00,2025-01-06 04:08:00,120,2025-01-06 02:02:00,2025-01-06 04:02:00,2025-01-06 02:09:00,2025-01-06 02:19:00,2025-01-06 02:30:00,2025-01-06 07:30:00,2025-01-06 07:43:00,1,11,300,13,324,11,3,215,3,sourcefile.csv,2025-12-05 05:05:47.776233,2025-12-05 05:05:47.776233,71a3e958-8e53-4f1c-b5e8-392fc98e7974,2025-12-05 05:05:47.776259,2025-12-05 05:05:47.776260,U,91687
561e3760-3692-43d0-a91a-c4e70d1626b9,54015825-c6c1-483b-8572-26f35929733a,0a1a185f-b4ff-49c9-a679-8a60bdb5c7a8,2025-01-27,73H,AIC,AI,119,C,MAA,T2,09,BOM,T2,27,,SCH,True,False,True,False,False,False,VT-ABC,AIC256,35b11f1b-ae44-4bf7-95cf-f2fb93ca02ac,S2,RTE372,119,226,142,OPEN,2025-01-27 21:26:00,2025-01-28 02:26:00,300,2025-01-27 21:33:00,2025-01-28 02:33:00,2025-01-27 21:24:00,2025-01-27 21:33:00,2025-01-27 21:47:00,2025-01-28 00:47:00,2025-01-28 01:03:00,-2,14,180,16,210,7,5,-83,5,sourcefile.csv,2025-12-05 05:05:47.776459,2025-12-05 05:05:47.776460,34739e7f-6262-4f9c-85b0-9affe1a81a45,2025-12-05 05:05:47.776475,2025-12-05 05:05:47.776476,D,49714
17f6f003-347e-4136-8f18-a345d261b8c1,d571923e-a206-4571-8e4e-6f6000d7cab4,47d5d836-d9f2-45e6-8206-b7dc5b7f26d0,2025-01-13,321,AIC,AI,209,J,MAA,T3,27,MAA,T2,27,,SCH,False,True,True,True,True,True,VT-ABC,AIC799,4987ebb0-8cb0-44ce-b593-92eac1e98f0b,S1,RTE158,31,220,236,CLOSED,2025-01-13 11:18:00,2025-01-13 15:18:00,240,2025-01-13 11:30:00,2025-01-13 15:30:00,2025-01-13 11:16:00,2025-01-13 11:19:00,2025-01-13 11:30:00,2025-01-13 14:30:00,2025-01-13 14:49:00,-2,11,180,19,210,1,0,-29,2,sourcefile.csv,2025-12-05 05:05:47.776609,2025-12-05 05:05:47.776610,dc7fb852-5c65-43e4-8ba7-024e9da69631,2025-12-05 05:05:47.776627,2025-12-05 05:05:47.776627,D,88405
acea808f-a4aa-42f8-b210-03a1618710ca,2601ca67-b20b-40a3-a26f-8cc19c7acee2,5e7cebed-cdfb-4ea8-89b0-d8b49b37e35f,2025-02-24,73H,AIC,AI,890,C,DEL,T3,32,MAA,T3,27,,CNL,False,True,False,True,False,False,VT-PMD,AIC378,c520f811-89ad-4bb4-8f35-b948046b9fe4,S3,RTE127,488,238,101,OPEN,2025-02-24 23:58:00,2025-02-25 02:58:00,180,2025-02-25 00:08:00,2025-02-25 03:08:00,2025-02-24 23:59:00,2025-02-25 00:00:00,2025-02-25 00:18:00,2025-02-25 01:18:00,2025-02-25 01:32:00,1,18,60,14,92,2,4,-86,1,sourcefile.csv,2025-12-05 05:05:47.776752,2025-12-05 05:05:47.776752,092cbf42-4124-4c90-9878-117d02eefc25,2025-12-05 05:05:47.776772,2025-12-05 05:05:47.776773,U,27833
ad42f4f3-3a5e-4fbe-8dd8-f6e6e663d81c,18251eb2-15ca-45e9-9a85-e8005b15ee73,374ee123-8fad-45e9-8426-11c0b4b02849,2025-02-17,788,AIC,AI,231,J,BOM,T1,09,MAA,T2,14,,ARR,False,True,False,False,True,False,VT-XYZ,AIC381,edaeb7ed-a4bc-4581-9c8c-50176dfbb312,S3,RTE883,191,273,135,CLOSED,2025-02-17 16:53:00,2025-02-17 17:53:00,60,2025-02-17 17:08:00,2025-02-17 18:08:00,2025-02-17 17:02:00,2025-02-17 17:10:00,2025-02-17 17:19:00,2025-02-17 22:19:00,2025-02-17 22:24:00,9,9,300,5,314,17,2,271,3,sourcefile.csv,2025-12-05 05:05:47.776863,2025-12-05 05:05:47.776864,b1cbdf4d-e28a-47b5-9973-a1214f9027d5,2025-12-05 05:05:47.776870,2025-12-05 05:05:47.776870,U,32747
34779974-2853-452c-abd1-757b6d0d843e,8d30c42b-624f-476f-98fa-87a3a4abab41,103a7eb0-283e-473f-ab66-e44fae12dd79,2025-01-26,788,AIC,AI,877,J,BOM,T3,32,BLR,T3,09,,SCH,True,True,False,True,True,False,VT-KLM,AIC596,d2c9dd94-6a93-430b-a379-edca187c49f5,S3,RTE227,785,180,98,IN_PROGRESS,2025-01-26 18:42:00,2025-01-26 20:42:00,120,2025-01-26 18:41:00,2025-01-26 20:41:00,2025-01-26 18:44:00,2025-01-26 18:45:00,2025-01-26 19:00:00,2025-01-26 22:00:00,2025-01-26 22:11:00,2,15,180,11,206,3,3,89,0,sourcefile.csv,2025-12-05 05:05:47.776959,2025-12-05 05:05:47.776960,e88f9ee9-ad1a-4c67-80c9-6981daf20f99,2025-12-05 05:05:47.776978,2025-12-05 05:05:47.776979,U,93376
8ebdd264-0a72-4d0c-b943-d6397187f3e5,486ed3f5-0358-4ac9-a01b-1a85334c5299,4fcecc6f-49b7-4aad-a81b-482a78b3d900,2025-02-15,73H,AIC,AI,675,C,MAA,T1,14,MAA,T3,14,,ARR,True,True,True,False,True,True,VT-PMD,AIC710,d045f4ce-0a3a-41ce-a6b8-f844148822a3,S2,RTE615,230,183,102,IN_PROGRESS,2025-02-15 11:24:00,2025-02-15 12:24:00,60,2025-02-15 11:41:00,2025-02-15 12:41:00,2025-02-15 11:31:00,2025-02-15 11:33:00,2025-02-15 11:45:00,2025-02-15 14:45:00,2025-02-15 14:52:00,7,12,180,7,199,9,1,148,5,sourcefile.csv,2025-12-05 05:05:47.777086,2025-12-05 05:05:47.777087,53c6e38d-c3b6-4003-bda8-f2ff1e0da346,2025-12-05 05:05:47.777107,2025-12-05 05:05:47.777107,D,65450
18ed3a08-98eb-4792-8be0-5a201bdf76b0,63a5de9f-b6e0-4994-8337-171bdb20fe1b,021f9a80-d936-4223-9af5-1b1348534645,2025-02-05,788,AIC,AI,768,C,DEL,T1,32,BLR,T3,09,,ARR,False,True,False,False,True,True,VT-PMD,AIC901,71155a5e-c929-43ba-8dfb-cce4306f848a,S3,RTE799,725,238,61,OPEN,2025-02-05 21:24:00,2025-02-05 22:24:00,60,2025-02-05 21:43:00,2025-02-05 22:43:00,2025-02-05 21:31:00,2025-02-05 21:40:00,2025-02-05 21:55:00,2025-02-06 01:55:00,2025-02-06 02:13:00,7,15,240,18,273,16,5,229,0,sourcefile.csv,2025-12-05 05:05:47.777222,2025-12-05 05:05:47.777222,65d7ec45-3105-486f-8f33-5973a981cfc8,2025-12-05 05:05:47.777230,2025-12-05 05:05:47.777230,I,27892
3d04a8db-5cd2-484b-865b-1991e45a084e,ed6f739a-380d-449f-b3a2-ddbae43adec8,fc546a31-deec-42fc-bcd5-f9423157ad5d,2025-01-23,321,AIC,AI,588,Y,BLR,T2,14,MAA,T1,27,,ARR,False,False,True,True,True,True,VT-KLM,AIC660,69e7e720-ff16-4b7f-b540-822ea20aff4e,S2,RTE687,849,258,144,IN_PROGRESS,2025-01-23 09:25:00,2025-01-23 12:25:00,180,2025-01-23 09:27:00,2025-01-23 12:27:00,2025-01-23 09:26:00,2025-01-23 09:30:00,2025-01-23 09:37:00,2025-01-23 14:37:00,2025-01-23 14:45:00,1,7,300,8,315,5,5,140,5,sourcefile.csv,2025-12-05 05:05:47.777315,2025-12-05 05:05:47.777315,e369c03e-437a-4142-b77b-0816d83ef9b2,2025-12-05 05:05:47.777325,2025-12-05 05:05:47.777325,U,49285
b106538b-fb9f-4594-84a6-af2c844b2ef7,0986c92d-d816-4c2d-b9c4-131caa8824ce,e5856726-2ad2-4354-b42f-cb642e2e72ca,2025-02-04,320,AIC,AI,156,J,BOM,T1,09,BLR,T1,32,,DEP,False,False,False,True,False,True,VT-XYZ,AIC703,1014ee63-c866-4116-9b44-9c2bb0613412,S3,RTE659,445,202,116,OPEN,2025-02-04 03:27:00,2025-02-04 07:27:00,240,2025-02-04 03:21:00,2025-02-04 07:21:00,2025-02-04 03:23:00,2025-02-04 03:29:00,2025-02-04 03:47:00,2025-02-04 06:47:00,2025-02-04 07:02:00,-4,18,180,15,213,2,2,-25,2,sourcefile.csv,2025-12-05 05:05:47.777411,2025-12-05 05:05:47.777412,87d15504-c4c8-47c8-8e54-e95aee37ad2c,2025-12-05 05:05:47.777443,2025-12-05 05:05:47.777444,U,28211
cd8f64ab-0830-4534-bcbd-06a41ce70e62,64440dca-8319-40fa-85bb-41a070756175,b9ae5dab-d42b-496e-ba32-de35ca660ab1,2025-02-19,321,AIC,AI,230,C,BOM,T1,27,BLR,T3,32,,ARR,False,False,False,True,True,True,VT-ABC,AIC303,09a4d365-eb7f-46cc-9b01-155c3cb194e2,S3,RTE584,513,233,166,IN_PROGRESS,2025-02-19 16:32:00,2025-02-19 19:32:00,180,2025-02-19 16:47:00,2025-02-19 19:47:00,2025-02-19 16:36:00,2025-02-19 16:46:00,2025-02-19 16:53:00,2025-02-19 21:53:00,2025-02-19 22:09:00,4,7,300,16,323,14,0,157,0,sourcefile.csv,2025-12-05 05:05:47.777539,2025-12-05 05:05:47.777539,940e1e60-a55a-486c-8848-8ec32a25ce64,2025-12-05 05:05:47.777547,2025-12-05 05:05:47.777548,D,79007
b63712aa-0426-469d-9445-a363a9f62291,a4be34f1-a3f1-4ae1-9c0d-808db292b246,b6b5166f-ff64-4aa1-82dd-fced70918272,2025-01-05,788,AIC,AI,455,C,MAA,T2,09,BLR,T1,27,,ARR,True,False,True,True,True,False,VT-PMD,AIC834,be153e76-4eb0-42bb-8240-b96f45de518b,S1,RTE787,528,188,151,OPEN,2025-01-05 23:26:00,2025-01-06 03:26:00,240,2025-01-05 23:42:00,2025-01-06 03:42:00,2025-01-05 23:31:00,2025-01-05 23:38:00,2025-01-05 23:44:00,2025-01-06 02:44:00,2025-01-06 02:56:00,5,6,180,12,198,12,3,-30,3,sourcefile.csv,2025-12-05 05:05:47.777632,2025-12-05 05:05:47.777632,88fb56eb-dc1b-45ca-b4d4-596d15e3aa53,2025-12-05 05:05:47.777640,2025-12-05 05:05:47.777640,D,98611
0d6ef39b-bb84-4551-9ff6-477556c0e928,5bc2f406-935c-4300-a1ab-b54ab34a80b8,099128b3-976e-46bf-8753-413b30873e8b,2025-01-19,788,AIC,AI,388,J,MAA,T2,14,MAA,T3,27,,SCH,True,False,True,False,True,False,VT-KLM,AIC181,a3a61ccf-6534-41da-9217-119e34207ca9,S3,RTE185,359,195,89,CLOSED,2025-01-19 19:50:00,2025-01-19 23:50:00,240,2025-01-19 19:56:00,2025-01-19 23:56:00,2025-01-19 19:51:00,2025-01-19 19:52:00,2025-01-19 19:59:00,2025-01-19 23:59:00,2025-01-20 00:18:00,1,7,240,19,266,2,0,28,4,sourcefile.csv,2025-12-05 05:05:47.777725,2025-12-05 05:05:47.777725,142ecdec-e506-4750-9f50-0f199211de0f,2025-12-05 05:05:47.777733,2025-12-05 05:05:47.777733,D,83902
341f2054-0528-4365-9638-ddfd27b995ed,1a96d63b-143f-48e9-8abf-cfa84d07c797,9b2f0ad5-535a-4ef5-abd2-f9989b89b3eb,2025-01-20,321,AIC,AI,883,C,BOM,T1,32,BOM,T1,27,,ARR,False,True,False,True,False,False,VT-KLM,AIC948,27d11f0f-18ab-41c9-bc46-13b33acc9d27,S1,RTE294,917,210,145,CLOSED,2025-01-20 07:25:00,2025-01-20 11:25:00,240,2025-01-20 07:33:00,2025-01-20 11:33:00,2025-01-20 07:22:00,2025-01-20 07:24:00,2025-01-20 07:41:00,2025-01-20 11:41:00,2025-01-20 11:58:00,-3,17,240,17,274,-1,0,33,1,sourcefile.csv,2025-12-05 05:05:47.778001,2025-12-05 05:05:47.778003,f4a4d971-e788-4484-90af-80a95815133f,2025-12-05 05:05:47.778029,2025-12-05 05:05:47.778029,U,85750
d6fbaca2-5aea-43f6-8ced-50f98e528f13,94de1810-9fad-48b0-8496-1a5f71eaf396,b38da5c8-1a85-4d32-b6ad-b60b1e877e39,2025-01-19,321,AIC,AI,253,Y,BOM,T1,32,BLR,T2,27,,DEP,False,True,True,False,True,True,VT-XYZ,AIC463,c542abf6-eb89-4dba-bf03-01ecefd4e9f5,S1,RTE915,539,282,137,CLOSED,2025-01-19 20:45:00,2025-01-19 21:45:00,60,2025-01-19 20:40:00,2025-01-19 21:40:00,2025-01-19 20:45:00,2025-01-19 20:53:00,2025-01-19 21:07:00,2025-01-19 22:07:00,2025-01-19 22:12:00,0,14,60,5,79,8,0,27,3,sourcefile.csv,2025-12-05 05:05:47.778222,2025-12-05 05:05:47.778223,19fe8c8b-78de-44c3-9ecb-4544d8886bdb,2025-12-05 05:05:47.778245,2025-12-05 05:05:47.778246,U,45247
41e066f2-f1f8-4e95-bc53-f665a6a7cafb,a502b4e5-03e7-4198-b62d-e524418d781d,b8fe49fa-c5e3-451e-acff-d97e5113db5a,2025-01-31,321,AIC,AI,675,Y,DEL,T2,14,DEL,T2,09,,CNL,False,False,True,True,False,False,VT-ABC,AIC354,b25c7529-606b-4576-981a-f860adc46894,S1,RTE713,394,259,174,OPEN,2025-01-31 16:47:00,2025-01-31 21:47:00,300,2025-01-31 16:54:00,2025-01-31 21:54:00,2025-01-31 16:57:00,2025-01-31 17:06:00,2025-01-31 17:22:00,2025-01-31 20:22:00,2025-01-31 20:36:00,10,16,180,14,210,19,4,-71,0,sourcefile.csv,2025-12-05 05:05:47.778455,2025-12-05 05:05:47.778456,cfe56220-5b3f-4b0d-8c78-995697c65173,2025-12-05 05:05:47.778481,2025-12-05 05:05:47.778482,D,58667
39c3acc7-8dbb-48e4-8a54-dd2c61426a01,4c4fd3f6-e3ee-4988-8979-d28d1e519b0f,adb85118-18dd-4f22-b72b-429ee4287af0,2025-01-10,320,AIC,AI,765,J,BOM,T3,09,BOM,T1,27,,DEP,True,True,False,False,True,False,VT-KLM,AIC756,8f69ebd8-fab0-4002-84d6-fb7f960dc5e1,S2,RTE607,215,261,99,CLOSED,2025-01-10 03:36:00,2025-01-10 07:36:00,240,2025-01-10 03:33:00,2025-01-10 07:33:00,2025-01-10 03:31:00,2025-01-10 03:38:00,2025-01-10 03:57:00,2025-01-10 06:57:00,2025-01-10 07:06:00,-5,19,180,9,208,2,1,-30,0,sourcefile.csv,2025-12-05 05:05:47.778663,2025-12-05 05:05:47.778664,34bdcbd0-4af6-4650-b72b-8f9e2203a512,2025-12-05 05:05:47.778687,2025-12-05 05:05:47.778688,D,10622
90127206-3327-4305-85e9-d635cb1e67f7,0150031f-3c45-4d1b-9e9b-e893cec33b17,2cc103e4-323e-4250-912f-da1bccbd04d5,2025-02-19,320,AIC,AI,382,J,MAA,T2,27,BLR,T2,14,,CNL,True,True,False,False,True,True,VT-PMD,AIC222,31b6fd86-569c-4721-a3e4-0a409516e3c2,S3,RTE506,794,153,169,OPEN,2025-02-19 20:55:00,2025-02-19 21:55:00,60,2025-02-19 21:12:00,2025-02-19 22:12:00,2025-02-19 20:55:00,2025-02-19 21:00:00,2025-02-19 21:18:00,2025-02-20 00:18:00,2025-02-20 00:32:00,0,18,180,14,212,5,4,157,3,sourcefile.csv,2025-12-05 05:05:47.778839,2025-12-05 05:05:47.778840,540fa995-eb54-4718-851f-77c7bf8c0f05,2025-12-05 05:05:47.778862,2025-12-05 05:05:47.778863,D,94164
84c6400d-3c5e-44e0-9204-7d482a60e318,0c6c3626-ed4e-455b-ab0b-9ef81c443d02,91006d31-ebdd-43b0-b49f-f5bd717956ed,2025-02-02,320,AIC,AI,444,C,MAA,T3,14,DEL,T3,14,,SCH,False,True,True,False,True,True,VT-KLM,AIC838,6045873a-154f-45b0-8616-828b33a55dd1,S2,RTE619,827,297,176,CLOSED,2025-02-02 02:50:00,2025-02-02 04:50:00,120,2025-02-02 02:43:00,2025-02-02 04:43:00,2025-02-02 02:54:00,2025-02-02 03:03:00,2025-02-02 03:13:00,2025-02-02 07:13:00,2025-02-02 07:22:00,4,10,240,9,259,13,4,152,3,sourcefile.csv,2025-12-05 05:05:47.779229,2025-12-05 05:05:47.779234,7de1ae52-e2ef-42e0-b8e4-6c6abf2efb55,2025-12-05 05:05:47.779257,2025-12-05 05:05:47.779257,I,61057
5d6a1076-5a13-46f7-9b28-ed2ff256ba1a,0cdd46a8-8d6e-442e-bf44-50b3ab295dd0,bfa1fbd4-213d-4117-a0b7-1aa1c7698843,2025-01-14,320,AIC,AI,594,C,BOM,T2,32,BLR,T1,32,,DEP,True,False,True,True,True,False,VT-XYZ,AIC344,54f5e614-9e0d-495b-8536-7a4a336e8662,S2,RTE984,476,222,51,CLOSED,2025-01-14 01:16:00,2025-01-14 03:16:00,120,2025-01-14 01:11:00,2025-01-14 03:11:00,2025-01-14 01:16:00,2025-01-14 01:18:00,2025-01-14 01:25:00,2025-01-14 02:25:00,2025-01-14 02:36:00,0,7,60,11,78,2,0,-40,4,sourcefile.csv,2025-12-05 05:05:47.779474,2025-12-05 05:05:47.779476,84828434-3d20-4822-bd9b-cc1b0c7a6f02,2025-12-05 05:05:47.779500,2025-12-05 05:05:47.779500,I,86468
